-0.205380687713623, -1, 0.147100076675415, 0, -1, 0
-0.336708183288574, 0.557708206176758, -1, 0, 0, -1
1, -0.521905517578125, 0.555730972290039, 1, 0, 0
-1, -0.887518005371094, 0.928132629394531, -1, 0, 0
0.16652271270752, 0.0617729187011719, -1, 0, 0, -1
-1, 0.513677673339844, 0.123186597824097, -1, 0, 0
0.0691884088516235, 0.273830680847168, 1, 0, 0, 1
-0.968524780273437, -0.00333535939455032, 1, 0, 0, 1
-1, 0.744620361328125, -0.672489700317383, -1, 0, 0
-0.0295221447944641, 1, -0.827976989746094, 0, 1, 0
-0.261969680786133, -0.79583381652832, -1, 0, 0, -1
-0.767020874023438, 1, 0.577649650573731, 0, 1, 0
1, 0.640162506103516, 0.500831527709961, 1, 0, 0
0.553417778015137, 1, -0.00537228167057037, 0, 1, 0
0.100066232681274, -0.511440086364746, 1, 0, 0, 1
0.658983764648438, -0.837024002075195, -1, 0, 0, -1
1, -0.645898666381836, -0.0456639289855957, 1, 0, 0
-1, 0.885815658569336, 0.47281925201416, -1, 0, 0
0.684484329223633, 1, -0.00211989000439644, 0, 1, 0
0.864601974487305, 0.445289916992188, -1, 0, 0, -1
0.115170135498047, 0.322514953613281, 1, 0, 0, 1
1, 0.171282577514648, -0.551558532714844, 1, 0, 0
0.165786437988281, 1, -0.338998146057129, 0, 1, 0
0.545112037658691, 0.105995311737061, 1, 0, 0, 1
0.995198974609375, -0.617308959960937, 0.989554214477539, 0.970142543315887, 0, 0.242535635828972
1, 0.889573440551758, 0.788275299072266, 1, 0, 0
0.705878829956055, -0.261446685791016, -1, 0, 0, -1
-1, -0.333563232421875, 0.450164108276367, -1, 0, 0
0.909336853027344, -1, -0.430870933532715, 0, -1, 0
-0.423174285888672, 0.174526462554932, 1, 0, 0, 1
-0.49468563079834, 1, 0.662313995361328, 0, 1, 0
0.447859191894531, 0.0293632435798645, -1, 0, 0, -1
-0.858893127441406, 0.0125937974452972, 1, 0, 0, 1
-1, 0.643621978759766, -0.517606201171875, -1, 0, 0
-1, 0.00961663246154785, -0.286851654052734, -1, 0, 0
0.778708343505859, 0.0791328096389771, 1, 0, 0, 1
-0.615118446350098, -0.248014450073242, 1, 0, 0, 1
0.549381141662598, -0.0338837552070618, 1, 0, 0, 1
-0.32180419921875, 1, 0.774324264526367, 0, 1, 0
-0.654135894775391, 0.740665130615234, 1, 0, 0, 1
-1, -0.230936965942383, -0.525858306884766, -1, 0, 0
-1, 0.780426406860352, 0.148071365356445, -1, 0, 0
0.873456192016602, -1, -0.254866714477539, 0, -1, 0
-1, -0.634512634277344, 0.953487930297852, -1, 0, 0
0.366773109436035, 0.556533050537109, 1, 0, 0, 1
-0.053649377822876, -1, -0.102851705551147, 0, -1, 0
0.372321662902832, 0.789730987548828, -1, 0, 0, -1
-1, 0.588414192199707, 0.439818344116211, -1, 0, 0
-0.245714092254639, -0.0258093452453613, 1, 0, 0, 1
-1, -0.783799743652344, -0.633715476989746, -1, 0, 0
1, -0.14188512802124, -0.182426738739014, 1, 0, 0
-1, 0.673232879638672, -0.346906700134277, -1, 0, 0
-0.725845108032227, 0.374307556152344, -1, 0, 0, -1
0.662972640991211, 1, 0.157852010726929, 0, 1, 0
1, 0.534901390075684, 0.206266803741455, 1, 0, 0
0.742839050292969, -0.570165100097656, -1, 0, 0, -1
-0.236259384155273, 0.289336490631104, 1, 0, 0, 1
0.649635925292969, -0.0123060011863708, -1, 0, 0, -1
-0.537817764282227, -0.96806396484375, 1, 0, 0, 1
-0.253983058929443, -1, -0.308516540527344, 0, -1, 0
-0.15580717086792, 0.28741678237915, -1, 0, 0, -1
0.0521004962921143, -0.69883903503418, 1, 0, 0, 1
-0.142644643783569, 0.95907112121582, 1, 0, 0, 1
-0.88574821472168, 0.976408615112305, 1, 0, 0, 1
1, -0.122636022567749, -0.0329039096832275, 1, 0, 0
0.239080543518066, 0.451748962402344, 1, 0, 0, 1
1, 0.0410170841217041, 0.720417022705078, 1, 0, 0
1, -0.117914695739746, 0.862558059692383, 1, 0, 0
-1, -0.764521636962891, 0.390067901611328, -1, 0, 0
-0.936477737426758, -0.827148056030273, 1, 0, 0, 1
0.852342300415039, -1, -0.55128791809082, 0, -1, 0
-0.863604125976563, -0.536972618103027, 1, 0, 0, 1
-1, -0.735726318359375, -0.208696842193604, -1, 0, 0
0.0701263427734375, -1, -0.437102737426758, 0, -1, 0
0.744385757446289, -0.725811614990234, -1, 0, 0, -1
0.649075927734375, -1, 0.930347442626953, 0, -1, 0
-1, 0.219335613250732, 0.255671310424805, -1, 0, 0
-0.2283766746521, -0.933953170776367, 1, 0, 0, 1
1, 0.245381183624268, -0.410347366333008, 1, 0, 0
1, -0.623682670593262, 0.342479133605957, 1, 0, 0
-1, 0.446573028564453, -0.656886138916016, -1, 0, 0
0.996013946533203, 0.961060791015625, -0.878988494873047, 0.992277860641479, 0.124034732580185, 0
-0.302209529876709, 1, 0.56726936340332, 0, 1, 0
-0.341427116394043, -0.0272636365890503, 1, 0, 0, 1
-1, 0.77389762878418, -0.395566558837891, -1, 0, 0
0.54231388092041, 0.761176834106445, 1, 0, 0, 1
-0.138892297744751, 1, 0.631082878112793, 0, 1, 0
1, -0.818703689575195, -0.426438179016113, 1, 0, 0
-0.12082181930542, -1, 0.776346054077148, 0, -1, 0
1, 0.636184196472168, 0.772004165649414, 1, 0, 0
1, 0.544332084655762, -0.0103126358985901, 1, 0, 0
-0.252359218597412, 1, -0.53788501739502, 0, 1, 0
0.019506983757019, 0.999646453857422, -0.957497406005859, 0, 0.992277860641479, -0.124034732580185
1, -0.67115837097168, -0.697334594726563, 1, 0, 0
0.863171691894531, 1, 0.156974248886108, 0, 1, 0
-1, -0.45475757598877, -0.618735237121582, -1, 0, 0
-0.388016891479492, -0.343237953186035, 1, 0, 0, 1
-1, 0.137807493209839, 0.721218490600586, -1, 0, 0
-0.304861278533936, -0.628750267028809, -1, 0, 0, -1
-0.0810429573059082, -1, 0.233601016998291, 0, -1, 0
-1, -0.624183349609375, -0.0318872809410095, -1, 0, 0
-1, -0.169775371551514, 0.741743698120117, -1, 0, 0
0.16953275680542, 0.913470077514648, -1, 0, 0, -1
-1, -0.819110946655274, -0.125903844833374, -1, 0, 0
-1, 0.879955978393555, -0.335597152709961, -1, 0, 0
-1, -0.684906234741211, -0.116935758590698, -1, 0, 0
0.860622482299805, 0.286449546813965, -1, 0, 0, -1
-0.0632851123809814, 0.795719604492187, 1, 0, 0, 1
-0.442473297119141, -0.753182220458984, -1, 0, 0, -1
-0.386378860473633, -0.966616668701172, 1, 0, 0, 1
-0.573776206970215, -0.949167175292969, -1, 0, 0, -1
0.355983772277832, -1, 0.924363555908203, 0, -1, 0
0.186495170593262, 1, -0.125236682891846, 0, 1, 0
-0.982814636230469, -0.996059036254883, 0.784736480712891, -0.187365546822548, -0.982290208339691, 0
-0.64263786315918, 0.565014190673828, -1, 0, 0, -1
1, -0.958237152099609, 0.616464042663574, 1, 0, 0
0.746112365722656, 1, -0.357501907348633, 0, 1, 0
0.26973237991333, -1, -0.871805953979492, 0, -1, 0
0.033136031627655, -0.12512508392334, -1, 0, 0, -1
0.469766960144043, -0.902361068725586, -1, 0, 0, -1
1, -0.585404777526855, -0.297351684570313, 1, 0, 0
1, 0.775774078369141, -0.0588466548919678, 1, 0, 0
1, -0.248257579803467, -0.842259979248047, 1, 0, 0
0.0788212203979492, -1, 0.290031852722168, 0, -1, 0
-0.330600852966309, 0.995467834472656, -0.950974273681641, 0, 0.989949464797974, -0.141421362757683
-1, 0.216032066345215, -0.39833251953125, -1, 0, 0
-0.997742233276367, 0.972272567749023, 0.616303596496582, -0.980580687522888, 0.196116134524345, 0
0.876418762207031, 0.958236694335938, -1, 0, 0, -1
-0.861134643554687, 0.0529192447662354, -1, 0, 0, -1
0.0424667072296143, 0.491983375549316, 1, 0, 0, 1
-0.364886665344238, -0.333977546691895, -1, 0, 0, -1
-0.423185958862305, -0.547832870483398, -1, 0, 0, -1
1, 0.568337097167969, -0.20679651260376, 1, 0, 0
1, 0.892890853881836, 0.172058296203613, 1, 0, 0
1, -0.725452270507812, -0.423528251647949, 1, 0, 0
-0.212481155395508, 1, 0.142636594772339, 0, 1, 0
0.327697944641113, 1, 0.564966354370117, 0, 1, 0
-0.743789291381836, -1, -0.827335510253906, 0, -1, 0
-0.843318176269531, 0.306356430053711, 1, 0, 0, 1
0.0666015911102295, 0.895198135375977, 1, 0, 0, 1
-1, -0.869223098754883, 0.125243005752563, -1, 0, 0
0.0424657583236694, 1, -0.128153562545776, 0, 1, 0
1, 0.184660930633545, -0.929093017578125, 1, 0, 0
-0.88571907043457, -0.12747200012207, -1, 0, 0, -1
-1, 0.365124473571777, -0.758263397216797, -1, 0, 0
1, -0.979310302734375, -0.302253932952881, 1, 0, 0
-1, 0.887366943359375, 0.197621173858643, -1, 0, 0
0.88646110534668, -0.0312183618545532, -1, 0, 0, -1
0.152537775039673, -1, -0.521802368164063, 0, -1, 0
1, -0.961770629882812, 0.340382499694824, 1, 0, 0
-0.315482883453369, 1, -0.452351303100586, 0, 1, 0
-0.427472915649414, 0.786918487548828, 1, 0, 0, 1
0.672582168579102, -1, -0.447087860107422, 0, -1, 0
1, 0.0595585060119629, 0.46877082824707, 1, 0, 0
1, -0.861899032592773, 0.181013221740723, 1, 0, 0
1, 0.160869636535645, 0.244290828704834, 1, 0, 0
0.849333038330078, -0.869984741210937, -1, 0, 0, -1
0.267514133453369, -1, -0.358362426757812, 0, -1, 0
0.0428022623062134, 0.953997268676758, -1, 0, 0, -1
0.496273345947266, 1, 0.674727478027344, 0, 1, 0
-1, -0.226714210510254, 0.917350540161133, -1, 0, 0
-1, -0.192088375091553, 0.548497505187988, -1, 0, 0
0.459639434814453, 0.495836410522461, 1, 0, 0, 1
-0.696144409179688, -1, 0.945382308959961, 0, -1, 0
-0.456203308105469, -1, -0.226197986602783, 0, -1, 0
-0.489147911071777, 1, 0.0695911502838135, 0, 1, 0
-0.196582660675049, 0.765929489135742, 1, 0, 0, 1
0.352625732421875, -1, -0.62827751159668, 0, -1, 0
-0.886894073486328, 0.538396453857422, -1, 0, 0, -1
0.70029296875, 0.666844177246094, -1, 0, 0, -1
0.754512100219727, 0.464701385498047, -1, 0, 0, -1
1, 0.856294021606445, -0.234731616973877, 1, 0, 0
-1, 0.272537689208984, 0.769205169677734, -1, 0, 0
-1, -0.0405384302139282, -0.421118774414063, -1, 0, 0
1, 0.679481582641602, -0.0410085821151733, 1, 0, 0
0.15088264465332, -0.120931158065796, -1, 0, 0, -1
0.958569564819336, 1, 0.586375389099121, 0, 1, 0
1, -0.256828327178955, 0.472981796264648, 1, 0, 0
-1, -0.0145880806446075, -0.75268798828125, -1, 0, 0
0.94917350769043, 1, 0.377829246520996, 0, 1, 0
1, 0.476858673095703, -0.443036155700684, 1, 0, 0
0.911549224853516, 1, -0.440334663391113, 0, 1, 0
0.144433164596558, -1, 0.70060188293457, 0, -1, 0
1, 0.166777229309082, -0.0420570993423462, 1, 0, 0
-0.156193332672119, -0.640604019165039, -1, 0, 0, -1
1, -0.350870018005371, 0.384770317077637, 1, 0, 0
0.225117645263672, 1, 0.300831775665283, 0, 1, 0
-0.338030128479004, -0.241393871307373, -1, 0, 0, -1
-0.0235285663604736, -1, 0.0989874362945557, 0, -1, 0
-0.848111038208008, -0.349687004089355, -1, 0, 0, -1
1, 0.155577869415283, -0.839086456298828, 1, 0, 0
0.47367015838623, 1, 0.111933546066284, 0, 1, 0
1, -0.132374868392944, 0.613743629455566, 1, 0, 0
1, -0.348023300170898, -0.00466755956411362, 1, 0, 0
0.960018844604492, 0.277553806304932, 1, 0, 0, 1
-1, -0.87373908996582, -0.312456912994385, -1, 0, 0
0.636540946960449, 0.587672958374023, -1, 0, 0, -1
0.911571502685547, 1, 0.252883319854736, 0, 1, 0
1, -0.652480850219727, 0.157784051895142, 1, 0, 0
0.187596893310547, -0.704314041137695, -1, 0, 0, -1
-1, 0.488866806030273, 0.375582389831543, -1, 0, 0
-0.647834320068359, 1, 0.903643798828125, 0, 1, 0
0.359905853271484, 1, -0.431630058288574, 0, 1, 0
1, -0.037931501865387, 0.786078262329102, 1, 0, 0
0.649999618530273, 1, -0.320001945495605, 0, 1, 0
-0.997569808959961, -0.973032150268555, 0.332313117980957, -0.937369287014008, -0.348337143659592, 0
0.012872234582901, 0.289659290313721, -1, 0, 0, -1
0.426606140136719, -1, -0.176372833251953, 0, -1, 0
-0.147019138336182, -0.74566520690918, -1, 0, 0, -1
1, 0.595299835205078, 0.0434941673278809, 1, 0, 0
0.723673858642578, 1, 0.210798759460449, 0, 1, 0
-0.534754371643066, 0.534345092773438, 1, 0, 0, 1
1, -0.837611846923828, 0.499659271240234, 1, 0, 0
-1, -0.152046737670898, 0.219870510101318, -1, 0, 0
-0.516011734008789, 0.918796005249023, 1, 0, 0, 1
-1, 0.926359024047852, -0.0116459369659424, -1, 0, 0
-0.369154853820801, 1, -0.861844863891602, 0, 1, 0
0.456209678649902, 1, -0.0333426856994629, 0, 1, 0
-0.145072717666626, 1, -0.164162864685059, 0, 1, 0
1, -0.346205253601074, 0.91481819152832, 1, 0, 0
-0.713056030273438, 1, -0.52239429473877, 0, 1, 0
-0.765711898803711, 0.0815210342407227, -1, 0, 0, -1
0.364964103698731, 1, 0.894249649047852, 0, 1, 0
0.855909042358398, 0.384932975769043, 1, 0, 0, 1
0.816758728027344, 0.0645873975753784, -1, 0, 0, -1
0.375097770690918, -0.237604560852051, 1, 0, 0, 1
0.341610298156738, -0.241718902587891, -1, 0, 0, -1
0.152130756378174, -1, 0.908626556396484, 0, -1, 0
-0.504558525085449, -0.445493812561035, -1, 0, 0, -1
-0.45928783416748, -0.177835655212402, 1, 0, 0, 1
0.764146575927734, 1, -0.737956390380859, 0, 1, 0
-1, -0.0408237981796265, -0.85608154296875, -1, 0, 0
0.953951950073242, -1, 0.278902072906494, 0, -1, 0
1, -0.0183438408374786, -0.131885004043579, 1, 0, 0
-0.296804046630859, -1, 0.561616172790527, 0, -1, 0
0.0658288097381592, -0.612436332702637, 1, 0, 0, 1
-0.998291015625, 0.251111106872559, 0.950371322631836, -0.989949464797974, 0, 0.141421362757683
-0.438379173278809, 0.0735483169555664, 1, 0, 0, 1
-1, 0.346014022827148, -0.103798065185547, -1, 0, 0
0.538510284423828, -1, 0.911477966308594, 0, -1, 0
-0.0378754615783691, 0.312003631591797, -1, 0, 0, -1
0.951552734375, -1, 0.666893157958984, 0, -1, 0
-0.341992835998535, 0.862089233398438, 1, 0, 0, 1
-1, 0.162764282226563, -0.0624398803710937, -1, 0, 0
1, 0.0653419494628906, -0.200555286407471, 1, 0, 0
-0.825350875854492, -0.247177104949951, 1, 0, 0, 1
1, -0.958446578979492, -0.932726440429688, 1, 0, 0
1, 0.0952792739868164, 0.55709846496582, 1, 0, 0
-0.249627304077148, 0.460855178833008, 1, 0, 0, 1
-1, 0.17089183807373, 0.182898941040039, -1, 0, 0
-1, 0.566455154418945, -0.0499831914901733, -1, 0, 0
0.577584648132324, -1, -0.332981567382812, 0, -1, 0
-1, 0.487886276245117, 0.556648025512695, -1, 0, 0
1, -0.538500366210938, 0.0637571334838867, 1, 0, 0
1, -0.516151618957519, -0.410336380004883, 1, 0, 0
-1, -0.148689737319946, -0.877828369140625, -1, 0, 0
-0.0190940546989441, -1, 0.928589172363281, 0, -1, 0
0.0477786350250244, 0.584456596374512, -1, 0, 0, -1
0.481082458496094, 1, -0.149090900421143, 0, 1, 0
-0.209928817749023, -0.333323059082031, -1, 0, 0, -1
-0.332436637878418, -1, 0.645962600708008, 0, -1, 0
0.0343987154960632, 1, 0.615810432434082, 0, 1, 0
0.104899196624756, 0.578015975952148, 1, 0, 0, 1
0.826854553222656, -0.999829025268555, -0.907517623901367, 0, -0.99989378452301, -0.0145775880664587
-0.756840133666992, -1, -0.653720779418945, 0, -1, 0
1, 0.660606231689453, -0.51972095489502, 1, 0, 0
-0.542211608886719, 1, 0.332653961181641, 0, 1, 0
0.274311943054199, 1, -0.326226348876953, 0, 1, 0
-1, 0.321828727722168, -0.861479873657227, -1, 0, 0
1, 0.263379249572754, 0.00367558479309082, 1, 0, 0
-0.0254482173919678, 0.674456176757813, 1, 0, 0, 1
0.324883460998535, 0.0909616947174072, 1, 0, 0, 1
0.566050834655762, -0.880634536743164, -1, 0, 0, -1
0.621214561462402, 1, 0.889636993408203, 0, 1, 0
-0.0308939075469971, 0.592586631774902, 1, 0, 0, 1
0.758731536865234, -1, -0.541974716186523, 0, -1, 0
-0.119070930480957, -1, -0.843182601928711, 0, -1, 0
1, -0.549336814880371, 0.246777000427246, 1, 0, 0
0.740175323486328, -0.508096694946289, 1, 0, 0, 1
-0.572363395690918, -1, 0.659917297363281, 0, -1, 0
1, -0.371139526367188, -0.144958095550537, 1, 0, 0
0.652712707519531, -0.741936645507812, 1, 0, 0, 1
-0.829681854248047, -1, 0.944837112426758, 0, -1, 0
-1, -0.23701847076416, -0.337006988525391, -1, 0, 0
0.847465896606445, 1, 0.904051818847656, 0, 1, 0
0.865249786376953, 1, 0.543520050048828, 0, 1, 0
0.143441886901855, -0.834355163574219, 1, 0, 0, 1
-0.0516350793838501, 1, 0.0792185354232788, 0, 1, 0
0.997118301391602, -0.110467576980591, -0.975374145507813, 0.894427180290222, 0, -0.447213590145111
0.26318151473999, 1, 0.670613861083984, 0, 1, 0
0.0647773361206055, 1, 0.280557479858398, 0, 1, 0
-1, -0.870857009887695, 0.704302825927734, -1, 0, 0
0.389573173522949, 0.964400253295899, 1, 0, 0, 1
-0.999827728271484, -0.928702163696289, -0.663875579833984, -0.997902810573578, -0.0647299140691757, 0
0.458566551208496, 1, 0.173352603912354, 0, 1, 0
-0.715847854614258, 0.906537322998047, -1, 0, 0, -1
0.140378150939941, -0.203172035217285, -1, 0, 0, -1
-1, -0.154210138320923, 0.45785701751709, -1, 0, 0
0.934223556518555, -1, 0.896730041503906, 0, -1, 0
-0.746351013183594, -1, 0.761880722045898, 0, -1, 0
1, -0.230757026672363, 0.353234405517578, 1, 0, 0
0.237145957946777, -1, -0.236145095825195, 0, -1, 0
0.904633941650391, -0.237300453186035, -1, 0, 0, -1
0.551929244995117, -1, 0.134782314300537, 0, -1, 0
0.257680835723877, -0.254223251342773, 1, 0, 0, 1
-0.65754035949707, -1, -0.0270134615898132, 0, -1, 0
0.36900505065918, -0.897878799438477, -1, 0, 0, -1
1, 0.0577055072784424, -0.436081619262695, 1, 0, 0
0.37088493347168, -1, 0.692106399536133, 0, -1, 0
-0.747791900634766, 1, 0.662673568725586, 0, 1, 0
-0.256702690124512, 1, -0.230036220550537, 0, 1, 0
1, 0.290432224273682, 0.718872985839844, 1, 0, 0
1, 0.784581527709961, -0.409270782470703, 1, 0, 0
-0.964273223876953, -0.433596420288086, 1, 0, 0, 1
0.379358329772949, 0.91333381652832, -1, 0, 0, -1
-0.23776575088501, 0.138657703399658, -1, 0, 0, -1
-0.399140090942383, -1, -0.845237503051758, 0, -1, 0
0.472019386291504, -0.875301666259766, 1, 0, 0, 1
1, 0.278634147644043, -0.574845352172852, 1, 0, 0
-0.737850112915039, 0.730656204223633, -1, 0, 0, -1
-0.441705436706543, -0.0647414779663086, -1, 0, 0, -1
-0.980611190795898, -0.28674617767334, 1, 0, 0, 1
0.0530767679214478, 1, 0.147913255691528, 0, 1, 0
-0.905798492431641, 0.862242660522461, 1, 0, 0, 1
0.468842163085938, 1, -0.230524063110352, 0, 1, 0
-0.773675079345703, -0.987915267944336, -0.980004653930664, 0, -0.807542562484741, -0.589809238910675
0.783990478515625, -0.263914661407471, 1, 0, 0, 1
-0.461831817626953, 1, 0.856318511962891, 0, 1, 0
0.72946159362793, 1, 0.952849578857422, 0, 1, 0
1, 0.155247583389282, -0.647986221313477, 1, 0, 0
0.642771759033203, 1, 0.452162170410156, 0, 1, 0
0.455804557800293, -1, 0.455207328796387, 0, -1, 0
0.0481802320480347, 1, -0.423917655944824, 0, 1, 0
-1, 0.829468383789063, 0.764618453979492, -1, 0, 0
1, 0.762590255737305, 0.907122039794922, 1, 0, 0
-1, 0.954040985107422, 0.863739776611328, -1, 0, 0
0.941423950195313, 1, 0.872359313964844, 0, 1, 0
-1, -0.778282089233398, -0.562131462097168, -1, 0, 0
0.33837459564209, -0.741676940917969, 1, 0, 0, 1
0.223431930541992, -0.669422760009766, 1, 0, 0, 1
1, -0.727321624755859, -0.728265380859375, 1, 0, 0
1, 0.662873077392578, 0.919220809936523, 1, 0, 0
-0.149479312896729, -0.028629457950592, 1, 0, 0, 1
-0.49814510345459, -0.667543258666992, -1, 0, 0, -1
0.845835723876953, -0.411900138854981, 1, 0, 0, 1
-0.34447078704834, 0.862284164428711, -1, 0, 0, -1
0.142715063095093, -1, 0.572532958984375, 0, -1, 0
-0.641252670288086, 1, 0.676530075073242, 0, 1, 0
0.155383806228638, 1, 0.164690055847168, 0, 1, 0
1, -0.85609016418457, 0.903112487792969, 1, 0, 0
-1, -0.537980499267578, -0.65688606262207, -1, 0, 0
0.686779708862305, -0.888166732788086, 1, 0, 0, 1
-1, 0.060722975730896, -0.136224966049194, -1, 0, 0
1, 0.474172897338867, 0.346798095703125, 1, 0, 0
-0.44329029083252, 0.15759596824646, -1, 0, 0, -1
0.135125112533569, -1, -0.11395827293396, 0, -1, 0
0.233999862670898, -0.125834436416626, -1, 0, 0, -1
0.914981536865234, -1, -0.64291633605957, 0, -1, 0
-0.997115478515625, 0.969070816040039, 0.356419563293457, -0.980580687522888, 0.196116134524345, 0
-0.997745895385742, 0.0663137054443359, -0.910782928466797, -0.994488537311554, 0, -0.104845441877842
-0.334937019348145, 0.159394655227661, -1, 0, 0, -1
-1, 0.0749822092056274, 0.489692192077637, -1, 0, 0
-1, 0.345221672058105, -0.626094818115234, -1, 0, 0
-0.968020706176758, -0.573011131286621, 1, 0, 0, 1
-0.520485305786133, -1, 0.004974544942379, 0, -1, 0
0.140530281066895, -1, -0.880590591430664, 0, -1, 0
-0.958676376342773, -0.411238594055176, -0.994974899291992, -0.322729855775833, 0, -0.946491062641144
1, -0.765666732788086, -0.255861740112305, 1, 0, 0
-1, -0.704242401123047, 0.646889495849609, -1, 0, 0
0.159753265380859, -0.731104354858398, 1, 0, 0, 1
0.625758972167969, 0.175654144287109, 1, 0, 0, 1
-1, -0.22669095993042, -0.0404733562469482, -1, 0, 0
-0.381666564941406, 1, 0.0472431659698486, 0, 1, 0
0.952903671264648, -0.527685546875, 1, 0, 0, 1
-0.543958206176758, -0.0405451440811157, -1, 0, 0, -1
-0.0749622583389282, -1, -0.650480651855469, 0, -1, 0
-1, 0.375459098815918, 0.463039169311523, -1, 0, 0
-0.759077377319336, 0.649272537231445, -1, 0, 0, -1
1, -0.774484024047852, -0.531828498840332, 1, 0, 0
0.765146484375, -0.817934417724609, 1, 0, 0, 1
0.351599197387695, -1, 0.172415618896484, 0, -1, 0
-0.0956693935394287, 0.73000862121582, -1, 0, 0, -1
-0.097719259262085, 1, 0.730996398925781, 0, 1, 0
-1, -0.139008045196533, -0.619927711486816, -1, 0, 0
1, 0.646573181152344, -0.615862731933594, 1, 0, 0
-1, 0.945580062866211, -0.517707366943359, -1, 0, 0
-0.360293922424316, -0.661304397583008, 1, 0, 0, 1
0.726198196411133, -1, 0.894817733764648, 0, -1, 0
-1, 0.8620947265625, -0.944682312011719, -1, 0, 0
0.949846725463867, 0.589143753051758, -1, 0, 0, -1
-1, 0.880019302368164, -0.719492721557617, -1, 0, 0
-1, 0.593561897277832, -0.868383941650391, -1, 0, 0
0.67380859375, -0.261879119873047, 1, 0, 0, 1
-0.444956588745117, 1, 0.272774505615234, 0, 1, 0
0.1925608253479, -0.618658981323242, 1, 0, 0, 1
-1, 0.0629888296127319, 0.265546207427979, -1, 0, 0
0.19461368560791, 0.0600403213500977, 1, 0, 0, 1
-0.972562866210938, 0.491873207092285, -0.999404907226562, -0.0798287764191628, 0, -0.996808588504791
-0.231740341186523, 1, -0.453352699279785, 0, 1, 0
-0.979528350830078, 0.996980514526367, -0.653387298583984, -0.31622776389122, 0.948683261871338, 0
-0.147804460525513, -1, 0.291066093444824, 0, -1, 0
0.872355728149414, -0.645098190307617, -1, 0, 0, -1
-1, -0.275720233917236, 0.802295989990234, -1, 0, 0
0.452842483520508, -0.732906112670898, 1, 0, 0, 1
-0.56563835144043, -0.221972751617432, -1, 0, 0, -1
1, 0.552094192504883, -0.30159351348877, 1, 0, 0
-0.797587051391602, 1, -0.448492774963379, 0, 1, 0
-0.244850940704346, 1, 0.345895957946777, 0, 1, 0
-0.630453605651855, -0.742192764282227, -1, 0, 0, -1
-1, -0.119840641021729, -0.233647899627686, -1, 0, 0
-0.154645290374756, 0.656493606567383, -1, 0, 0, -1
-0.731237869262695, 1, 0.36196964263916, 0, 1, 0
0.26473352432251, -0.645834884643555, -1, 0, 0, -1
0.737213973999023, -1, -0.189299926757813, 0, -1, 0
1, -0.281882190704346, -0.289724960327148, 1, 0, 0
-0.266829566955566, -1, 0.255028877258301, 0, -1, 0
1, -0.757820663452148, -0.0112193763256073, 1, 0, 0
1, -0.683257064819336, 0.304146976470947, 1, 0, 0
-0.203722190856934, -0.950841674804688, -0.992680511474609, 0, -0.27538725733757, -0.961333334445953
-0.973169174194336, 0.296152858734131, -0.994700393676758, -0.25272473692894, 0, -0.967538237571716
1, -0.0418463277816772, -0.347373924255371, 1, 0, 0
-0.55359619140625, 0.668628692626953, -1, 0, 0, -1
1, -0.436492614746094, -0.645083618164063, 1, 0, 0
-0.0657902002334595, 1, 0.276734104156494, 0, 1, 0
1, 0.919514465332031, -0.723337097167969, 1, 0, 0
-1, -0.524808502197266, 0.901085510253906, -1, 0, 0
-1, -0.26712158203125, -0.828671798706055, -1, 0, 0
-0.145131912231445, -0.825156707763672, 1, 0, 0, 1
-0.776289825439453, 1, -0.127426261901855, 0, 1, 0
-1, 0.25064624786377, 0.648289566040039, -1, 0, 0
-0.986794204711914, -0.638538436889648, -0.980295562744141, -0.826699435710907, 0, -0.562643706798553
-0.948298568725586, 1, -0.542603950500488, 0, 1, 0
-1, 0.162197914123535, -0.858436737060547, -1, 0, 0
-0.509671134948731, -0.0536118459701538, 1, 0, 0, 1
-1, 0.65666015625, -0.0268894338607788, -1, 0, 0
-0.138258609771729, -0.189555149078369, -1, 0, 0, -1
0.162782764434814, 1, -0.852030563354492, 0, 1, 0
-1, -0.615356636047363, 0.298646564483643, -1, 0, 0
-1, 0.404118309020996, 0.785264282226563, -1, 0, 0
0.164824829101563, -0.964413909912109, -0.998921661376953, 0, -0.256015241146088, -0.966672778129578
-0.834740142822266, -0.95656364440918, 1, 0, 0, 1
0.532017440795898, -1, 0.787936859130859, 0, -1, 0
-0.429065628051758, -1, 0.796615753173828, 0, -1, 0
-1, -0.240622577667236, 0.655040893554688, -1, 0, 0
0.648771820068359, -0.471566162109375, 1, 0, 0, 1
-0.654258880615234, 1, 0.0936529350280762, 0, 1, 0
-1, -0.151466407775879, 0.873910217285156, -1, 0, 0
-0.415488586425781, 0.96075325012207, -1, 0, 0, -1
0.840647735595703, -0.136473550796509, -1, 0, 0, -1
1, 0.68271842956543, 0.59427490234375, 1, 0, 0
-0.429633712768555, -1, -0.419879951477051, 0, -1, 0
-1, -0.439247779846191, -0.533087043762207, -1, 0, 0
-1, 0.893263626098633, 0.26744255065918, -1, 0, 0
-0.853142013549805, -0.433002281188965, -1, 0, 0, -1
0.529101371765137, 1, -0.33079647064209, 0, 1, 0
-1, -0.762895660400391, 0.904465484619141, -1, 0, 0
-0.846039123535156, 1, -0.745451965332031, 0, 1, 0
-0.340697174072266, 1, 0.144913415908813, 0, 1, 0
0.0787542819976807, 0.734911956787109, 1, 0, 0, 1
0.44651969909668, -1, 0.279100818634033, 0, -1, 0
0.0286659240722656, -1, 0.774575119018555, 0, -1, 0
0.263946208953857, -1, 0.281955814361572, 0, -1, 0
0.428199768066406, 1, 0.0437485456466675, 0, 1, 0
-1, 0.692588958740234, 0.567968330383301, -1, 0, 0
1, 0.55911190032959, -0.811501693725586, 1, 0, 0
1, 0.747677154541016, 0.239179306030273, 1, 0, 0
1, 0.252550220489502, -0.16898998260498, 1, 0, 0
-0.304835929870605, 0.370319023132324, -1, 0, 0, -1
-0.346088638305664, 1, -0.0755405139923096, 0, 1, 0
0.959900817871094, 1, 0.695328598022461, 0, 1, 0
-0.555039672851563, -1, -0.510053024291992, 0, -1, 0
0.40438648223877, 1, -0.673184127807617, 0, 1, 0
-1, -0.219302635192871, -0.230301818847656, -1, 0, 0
1, -0.542807769775391, 0.888359756469727, 1, 0, 0
-0.233752002716064, 1, 0.266599731445313, 0, 1, 0
-1, -0.657817001342773, -0.331591415405273, -1, 0, 0
-0.662185440063477, -1, -0.409744071960449, 0, -1, 0
0.333870544433594, -0.880693817138672, 1, 0, 0, 1
-0.900852355957031, 1, 0.224890041351318, 0, 1, 0
-0.638895034790039, 0.55335033416748, 1, 0, 0, 1
-1, 0.360663681030273, 0.16611478805542, -1, 0, 0
0.457873954772949, 0.748625946044922, -1, 0, 0, -1
0.569205169677734, -1, -0.399007568359375, 0, -1, 0
-0.473213272094727, -0.99909538269043, -0.931732940673828, 0, -0.993755400180817, -0.111580364406109
-0.73829216003418, 0.264709720611572, -1, 0, 0, -1
-1, 0.185113468170166, -0.1447425365448, -1, 0, 0
0.295339317321777, 1, -0.871056518554687, 0, 1, 0
1, -0.451784553527832, 0.572684516906738, 1, 0, 0
-1, -0.635314102172852, -0.225778026580811, -1, 0, 0
1, 0.766924285888672, 0.369386253356934, 1, 0, 0
-0.114839639663696, -1, -0.74626953125, 0, -1, 0
-1, -0.643812713623047, 0.761223983764649, -1, 0, 0
-0.448272094726562, -0.847624740600586, 1, 0, 0, 1
0.126743392944336, 0.463843765258789, -1, 0, 0, -1
-0.700021743774414, 1, 0.262677001953125, 0, 1, 0
0.274145469665527, 0.427052383422852, -1, 0, 0, -1
1, -0.0615257072448731, 0.331791763305664, 1, 0, 0
-0.735198135375977, -0.530336723327637, -1, 0, 0, -1
-0.147650880813599, 1, -0.7224365234375, 0, 1, 0
0.446390495300293, 0.0111588859558105, 1, 0, 0, 1
-1, -0.317271919250488, 0.35432991027832, -1, 0, 0
0.863228912353516, 1, -0.747592086791992, 0, 1, 0
0.959834136962891, 0.0674403619766235, 1, 0, 0, 1
0.145917682647705, -1, -0.726882781982422, 0, -1, 0
-0.357956047058105, -1, -0.333189926147461, 0, -1, 0
-0.889982833862305, 1, 0.778935012817383, 0, 1, 0
0.277790031433105, -0.366275482177734, -1, 0, 0, -1
-0.156083164215088, -1, -0.02585697889328, 0, -1, 0
0.822301940917969, -1, 0.931507110595703, 0, -1, 0
-0.888208847045898, -1, 0.073294849395752, 0, -1, 0
0.670469741821289, 1, -0.454789161682129, 0, 1, 0
0.762818069458008, -0.418462448120117, -1, 0, 0, -1
0.347231674194336, 0.69331787109375, 1, 0, 0, 1
0.34279857635498, 0.853553848266602, 1, 0, 0, 1
-0.756957550048828, -0.0349405026435852, -1, 0, 0, -1
0.223672637939453, 0.254112358093262, 1, 0, 0, 1
-0.430195999145508, -1, -0.525053100585937, 0, -1, 0
0.913012237548828, 1, 0.0280225563049316, 0, 1, 0
-0.62847038269043, 0.658352508544922, -1, 0, 0, -1
0.354551963806152, 1, -0.940092315673828, 0, 1, 0
-0.246067943572998, 1, 0.444973983764648, 0, 1, 0
1, -0.554515991210938, -0.0222813582420349, 1, 0, 0
0.455051879882812, -0.998536376953125, -0.927085189819336, 0, -0.988516986370087, -0.151109352707863
-1, -0.635026550292969, 0.859753646850586, -1, 0, 0
-1, 0.927539443969727, -0.214882106781006, -1, 0, 0
0.395313758850098, -0.336145401000977, 1, 0, 0, 1
1, 0.0635586166381836, -0.634501838684082, 1, 0, 0
-1, -0.116457767486572, 0.945665817260742, -1, 0, 0
-0.754826202392578, 0.670332870483398, 1, 0, 0, 1
1, -0.234739742279053, -0.513730812072754, 1, 0, 0
0.691496505737305, 1, -0.107978744506836, 0, 1, 0
-1, 0.687075500488281, 0.761771697998047, -1, 0, 0
-0.892172393798828, 1, 0.561968269348145, 0, 1, 0
0.167865657806396, -1, -0.410359840393066, 0, -1, 0
-0.84393180847168, -1, -0.0472139692306519, 0, -1, 0
1, 0.965739898681641, 0.386826171875, 1, 0, 0
0.861689682006836, 1, 0.747755279541016, 0, 1, 0
-1, 0.168894081115723, -0.443346214294434, -1, 0, 0
-0.774824600219727, -0.738963012695313, -1, 0, 0, -1
-0.892300186157227, 1, -0.21623462677002, 0, 1, 0
1, -0.0296640491485596, 0.91522331237793, 1, 0, 0
-1, -0.337745933532715, -0.707849884033203, -1, 0, 0
-0.997835693359375, 0.956373825073242, -0.887613143920898, -0.988138556480408, 0, -0.153565034270287
-0.176477222442627, 1, -0.836743316650391, 0, 1, 0
-0.0241886568069458, -0.230199394226074, 1, 0, 0, 1
1, 0.750223159790039, 0.772588348388672, 1, 0, 0
-0.0198367822170258, 0.537569465637207, -1, 0, 0, -1
-0.871805419921875, -0.413986587524414, 1, 0, 0, 1
-0.999486236572266, -0.32513427734375, -0.957992782592773, -0.997977435588837, 0, -0.0635692849755287
-0.301322269439697, -1, -0.746005706787109, 0, -1, 0
-0.857152328491211, 0.895074996948242, -1, 0, 0, -1
-1, -0.267288398742676, 0.500792465209961, -1, 0, 0
1, 0.0820104885101318, -0.333182907104492, 1, 0, 0
1, 0.0673335218429565, 0.93272834777832, 1, 0, 0
1, -0.0499098825454712, -0.0120263767242432, 1, 0, 0
-0.725387496948242, 1, -0.610419311523438, 0, 1, 0
-1, -0.440242309570313, -0.131297779083252, -1, 0, 0
0.874428939819336, -0.7289453125, -1, 0, 0, -1
-0.442978248596191, 1, -0.396351356506348, 0, 1, 0
0.0273921203613281, 0.693513336181641, -1, 0, 0, -1
-0.157118539810181, 0.238638973236084, 1, 0, 0, 1
-1, 0.745428237915039, -0.847350921630859, -1, 0, 0
-0.249386234283447, -1, -0.0464262914657593, 0, -1, 0
0.65856086730957, -0.687787017822266, -1, 0, 0, -1
-0.348374557495117, -0.0308739638328552, -1, 0, 0, -1
0.171304130554199, -0.4192333984375, -1, 0, 0, -1
1, -0.364495239257813, 0.5694970703125, 1, 0, 0
-0.521427307128906, 1, -0.427810592651367, 0, 1, 0
0.313462352752686, 0.347062034606934, -1, 0, 0, -1
-1, -0.635807456970215, -0.626810455322266, -1, 0, 0
1, 0.349091529846191, 0.504875602722168, 1, 0, 0
-1, 0.634797592163086, -0.957256011962891, -1, 0, 0
-0.340482215881348, -1, -0.496100997924805, 0, -1, 0
-0.838291931152344, 1, 0.636686248779297, 0, 1, 0
-0.783187255859375, -1, -0.883801193237305, 0, -1, 0
1, -0.151004829406738, 0.761863327026367, 1, 0, 0
-0.737066345214844, 1, 0.498787078857422, 0, 1, 0
0.0763100051879883, 0.157683362960815, -1, 0, 0, -1
-1, -0.23480936050415, 0.220272521972656, -1, 0, 0
0.171100273132324, 0.234170360565186, -1, 0, 0, -1
1, 0.272188205718994, -0.654628067016602, 1, 0, 0
0.570876045227051, 1, 0.162699604034424, 0, 1, 0
-0.86855827331543, 1, -0.621904220581055, 0, 1, 0
0.263265743255615, 0.792872161865234, -1, 0, 0, -1
-0.0750228261947632, 1, 0.180546073913574, 0, 1, 0
0.673420715332031, 0.438666305541992, 1, 0, 0, 1
0.863524780273437, 1, -0.125490217208862, 0, 1, 0
-0.276508750915527, 0.640094299316406, 1, 0, 0, 1
0.281163215637207, 0.180008850097656, 1, 0, 0, 1
1, 0.153914337158203, 0.757783279418945, 1, 0, 0
0.562357482910156, 1, -0.148813323974609, 0, 1, 0
0.913073883056641, 0.762898483276367, -1, 0, 0, -1
-1, 0.456255569458008, 0.0622830438613892, -1, 0, 0
0.267546806335449, 0.174002571105957, -1, 0, 0, -1
0.14872386932373, -0.877097396850586, -1, 0, 0, -1
1, 0.145078582763672, -0.313209857940674, 1, 0, 0
-1, 0.0641589260101318, -0.237024841308594, -1, 0, 0
-0.982710647583008, -0.981035614013672, 0.379490966796875, -0.795449674129486, -0.606019556522369, 0
1, -0.752968215942383, -0.357637481689453, 1, 0, 0
0.0726599407196045, 1, 0.0654993200302124, 0, 1, 0
0.24322416305542, 1, 0.604497566223145, 0, 1, 0
0.646892700195313, 1, 0.670605773925781, 0, 1, 0
-1, 0.764423675537109, 0.846753387451172, -1, 0, 0
-1, 0.0300446844100952, 0.914010162353516, -1, 0, 0
-0.758243942260742, -0.56246711730957, 1, 0, 0, 1
0.85368522644043, -0.541052856445313, 1, 0, 0, 1
-0.519875602722168, 0.700034103393555, 1, 0, 0, 1
0.169187335968018, 1, 0.90041015625, 0, 1, 0
-0.131938877105713, 1, -0.530989456176758, 0, 1, 0
-1, 0.466679649353027, -0.0651850605010986, -1, 0, 0
0.942507247924805, 0.424412841796875, -1, 0, 0, -1
0.0984229373931885, 1, 0.391314125061035, 0, 1, 0
1, -0.327366561889648, -0.519405708312988, 1, 0, 0
-1, -0.621856269836426, 0.0687480163574219, -1, 0, 0
-0.9984716796875, -0.961645126342773, 0.507219581604004, -0.988904237747192, -0.148554295301437, 0
1, 0.480870971679688, 0.917070693969727, 1, 0, 0
0.670905075073242, 1, -0.548335723876953, 0, 1, 0
0.38371711730957, 0.286128349304199, -1, 0, 0, -1
-1, 0.579192008972168, 0.761323471069336, -1, 0, 0
0.536266288757324, -0.149424800872803, 1, 0, 0, 1
0.0461214542388916, -1, -0.302886428833008, 0, -1, 0
-0.422236709594727, 1, -0.535974464416504, 0, 1, 0
-0.646651916503906, -1, -0.233202362060547, 0, -1, 0
-0.237348880767822, 0.920651092529297, 1, 0, 0, 1
0.263184471130371, -0.548605346679688, -1, 0, 0, -1
0.637707290649414, 0.890659942626953, 1, 0, 0, 1
-0.259770011901855, 1, -0.0843024635314941, 0, 1, 0
-0.364288711547852, -1, 0.0676083612442017, 0, -1, 0
1, -0.0514266729354858, -0.633264694213867, 1, 0, 0
-1, -0.722496795654297, 0.121156482696533, -1, 0, 0
0.447195777893066, -1, 0.0758456325531006, 0, -1, 0
-0.853133087158203, 0.959873962402344, -0.998220825195313, 0, 0.187365546822548, -0.982290208339691
-0.537478637695313, -1, 0.906295166015625, 0, -1, 0
1, -0.681003723144531, -0.570938034057617, 1, 0, 0
0.856871948242187, -0.170523166656494, 1, 0, 0, 1
1, -0.127060880661011, -0.43255443572998, 1, 0, 0
-0.201564464569092, -1, -0.241159000396729, 0, -1, 0
-0.125925559997559, -0.721123123168945, 1, 0, 0, 1
0.587057075500488, -1, -0.540773429870606, 0, -1, 0
-1, 0.68313720703125, 0.470130844116211, -1, 0, 0
0.616546821594238, -0.334289779663086, -1, 0, 0, -1
0.254248428344727, -0.841894607543945, -1, 0, 0, -1
-0.135929183959961, -0.326731147766113, -1, 0, 0, -1
-0.125764999389648, 0.0776268100738525, -1, 0, 0, -1
0.506718559265137, -0.63794677734375, 1, 0, 0, 1
0.155004463195801, 0.162817535400391, -1, 0, 0, -1
-0.31680305480957, -0.878785858154297, 1, 0, 0, 1
0.0513175344467163, -1, 0.57766284942627, 0, -1, 0
-0.458651733398438, 1, -0.791199188232422, 0, 1, 0
-0.0302457714080811, 1, 0.905000839233398, 0, 1, 0
1, -0.774287719726563, 0.55605224609375, 1, 0, 0
-0.941962509155273, 1, 0.915852966308594, 0, 1, 0
-1, 0.238238906860352, 0.373601264953613, -1, 0, 0
1, -0.706531753540039, 0.66623405456543, 1, 0, 0
1, -0.44056224822998, -0.531482810974121, 1, 0, 0
1, 0.563074989318848, -0.419787788391113, 1, 0, 0
-0.746428070068359, 1, -0.883949356079102, 0, 1, 0
-0.535991401672363, -1, -0.0933651542663574, 0, -1, 0
-0.898299865722656, -1, 0.884639205932617, 0, -1, 0
0.950823287963867, -0.107469854354858, -1, 0, 0, -1
-1, 0.416106719970703, -0.126461305618286, -1, 0, 0
0.14448860168457, -1, 0.453250389099121, 0, -1, 0
-1, -0.524530792236328, 0.174602336883545, -1, 0, 0
-0.0247466850280762, 1, -0.558500823974609, 0, 1, 0
-0.76332878112793, 1, 0.77584098815918, 0, 1, 0
0.918290328979492, -1, 0.577530632019043, 0, -1, 0
1, -0.619902076721191, -0.243936328887939, 1, 0, 0
-1, -0.785031356811523, -0.445118980407715, -1, 0, 0
0.926486892700195, 1, -0.535018081665039, 0, 1, 0
-0.343914527893066, -1, -0.640015869140625, 0, -1, 0
0.633156547546387, 0.327618980407715, 1, 0, 0, 1
-1, 0.598593711853027, 0.0550373697280884, -1, 0, 0
-0.987055358886719, -0.996226501464844, 0.0522983741760254, -0.305214524269104, -0.952283620834351, 0
-0.419039688110352, 0.760155029296875, -1, 0, 0, -1
-0.407562408447266, 1, -0.74830322265625, 0, 1, 0
-1, -0.332464256286621, -0.334112014770508, -1, 0, 0
-0.554144096374512, 1, 0.418132209777832, 0, 1, 0
0.940560455322266, -0.732967071533203, 1, 0, 0, 1
-0.640827178955078, 0.77570198059082, -1, 0, 0, -1
-0.422497291564941, 1, 0.961690826416016, 0, 1, 0
-1, 0.740576324462891, -0.141115274429321, -1, 0, 0
0.445953063964844, 1, 0.371265602111816, 0, 1, 0
-0.697588958740234, -1, 0.353250045776367, 0, -1, 0
-0.300812168121338, -1, 0.746911849975586, 0, -1, 0
1, 0.240524215698242, -0.752098083496094, 1, 0, 0
0.559814033508301, 0.966178207397461, 1, 0, 0, 1
0.178248310089111, -0.539957962036133, 1, 0, 0, 1
0.0707223129272461, 1, -0.518502922058105, 0, 1, 0
-1, -0.346701164245605, 0.6737890625, -1, 0, 0
0.472447929382324, 0.648387985229492, 1, 0, 0, 1
1, -0.236721343994141, -0.713047103881836, 1, 0, 0
0.543516807556152, 1, 0.892337265014648, 0, 1, 0
1, 0.271523342132568, 0.907269592285156, 1, 0, 0
1, 0.38034122467041, 0.372210464477539, 1, 0, 0
-1, 0.677274856567383, -0.233403301239014, -1, 0, 0
-0.972905960083008, 0.123943729400635, 1, 0, 0, 1
-0.786461791992187, 0.51978931427002, 1, 0, 0, 1
-1, -0.644777679443359, -0.544759941101074, -1, 0, 0
-1, 0.699751968383789, 0.365271949768066, -1, 0, 0
-0.325472602844238, -0.123979902267456, -1, 0, 0, -1
-1, 0.460376091003418, -0.84105827331543, -1, 0, 0
0.436571388244629, 0.220951099395752, -1, 0, 0, -1
-1, -0.130994510650635, -0.0366132783889771, -1, 0, 0
0.254900169372559, -1, 0.173734092712402, 0, -1, 0
-0.897793197631836, -1, 0.597468643188477, 0, -1, 0
0.436133232116699, 1, -0.338908805847168, 0, 1, 0
-1, -0.649516525268555, -0.446241798400879, -1, 0, 0
-1, -0.501882629394531, -0.257482395172119, -1, 0, 0
-0.42527286529541, 0.652299880981445, 1, 0, 0, 1
0.0240406918525696, -1, -0.632987327575684, 0, -1, 0
-0.515247268676758, -1, -0.730034637451172, 0, -1, 0
1, 0.648902206420898, 0.180911464691162, 1, 0, 0
-0.382500190734863, -1, -0.0440150308609009, 0, -1, 0
-0.387284049987793, -1, 0.514592018127441, 0, -1, 0
1, -0.407704010009766, -0.242658290863037, 1, 0, 0
0.45911434173584, -0.523516540527344, -1, 0, 0, -1
0.0835646438598633, -0.497285385131836, -1, 0, 0, -1
0.746851577758789, 0.574365043640137, -1, 0, 0, -1
0.413764953613281, -1, -0.403579216003418, 0, -1, 0
1, -0.492500305175781, -0.949507217407227, 1, 0, 0
0.466352119445801, -1, 0.907572860717773, 0, -1, 0
-0.244190998077393, 1, -0.638948554992676, 0, 1, 0
-1, -0.429055557250977, 0.908871536254883, -1, 0, 0
-1, -0.549714050292969, -0.866034393310547, -1, 0, 0
-0.398321914672852, -0.464927291870117, 1, 0, 0, 1
0.257502841949463, -1, 0.0521499490737915, 0, -1, 0
1, 0.269052925109863, 0.366134071350098, 1, 0, 0
1, 0.637347412109375, 0.654242935180664, 1, 0, 0
1, -0.0263357853889465, -0.877302093505859, 1, 0, 0
0.681245727539063, 0.99662109375, -0.979588394165039, 0, 0.980580687522888, -0.196116134524345
0.857799453735352, -0.337380867004395, -1, 0, 0, -1
-1, 0.135476884841919, -0.303087902069092, -1, 0, 0
-1, -0.0839394569396973, 0.356815872192383, -1, 0, 0
-0.535452308654785, -0.34084716796875, 1, 0, 0, 1
0.26866283416748, -1, -0.758568649291992, 0, -1, 0
1, 0.0215423464775085, -0.533977508544922, 1, 0, 0
0.563599548339844, 0.547493896484375, -1, 0, 0, -1
-0.756349029541016, -0.647421875, -1, 0, 0, -1
0.872390899658203, -1, -0.343215065002441, 0, -1, 0
-1, -0.43828784942627, -0.221186580657959, -1, 0, 0
1, -0.616290588378906, -0.369371871948242, 1, 0, 0
-0.341740989685059, 1, 0.259336471557617, 0, 1, 0
1, -0.136748456954956, 0.182633247375488, 1, 0, 0
-1, -0.0253998231887817, 0.475825538635254, -1, 0, 0
-0.404579925537109, 1, -0.637746162414551, 0, 1, 0
-0.143391742706299, 0.207091274261475, -1, 0, 0, -1
-0.150354413986206, 0.577652168273926, 1, 0, 0, 1
0.443366012573242, 1, -0.522280616760254, 0, 1, 0
0.998698577880859, -0.950992431640625, 0.476921997070313, 0.969102561473846, -0.246658012270927, 0
-1, 0.571147804260254, 0.646514892578125, -1, 0, 0
-0.758694458007813, 0.307087211608887, 1, 0, 0, 1
-0.0319901251792908, -0.526561698913574, 1, 0, 0, 1
-1, 0.661428756713867, 0.26637186050415, -1, 0, 0
0.383576583862305, -0.525553436279297, -1, 0, 0, -1
-1, 0.360371627807617, -0.545398216247559, -1, 0, 0
0.508950729370117, -1, -0.562218208312988, 0, -1, 0
1, -0.924254608154297, -0.718820648193359, 1, 0, 0
-0.304378414154053, 0.735228576660156, -1, 0, 0, -1
-0.126616449356079, 1, -0.662608795166016, 0, 1, 0
1, -0.733476028442383, 0.461713676452637, 1, 0, 0
0.0513312149047852, 1, 0.516794395446777, 0, 1, 0
-0.602536201477051, -0.330224227905273, -1, 0, 0, -1
0.376759490966797, -0.736981735229492, -1, 0, 0, -1
0.792873229980469, 0.349979515075684, -1, 0, 0, -1
-0.729967193603516, 0.467545700073242, -1, 0, 0, -1
-0.559519958496094, 0.960848236083984, -0.997918472290039, 0, 0.0913636460900307, -0.995817601680756
-1, -0.351938972473145, -0.431357421875, -1, 0, 0
-0.843411254882813, 1, 0.436287803649902, 0, 1, 0
-1, -0.888506851196289, -0.0158036422729492, -1, 0, 0
-1, 0.843110046386719, 0.925643081665039, -1, 0, 0
1, 0.397932395935059, -0.230307178497314, 1, 0, 0
1, -0.861253051757813, 0.0624112176895142, 1, 0, 0
1, 0.0823515510559082, -0.0934300708770752, 1, 0, 0
0.558077621459961, -0.930113296508789, 1, 0, 0, 1
0.341358032226563, -1, -0.501932640075684, 0, -1, 0
0.562598152160645, 0.765598526000977, -1, 0, 0, -1
0.928241500854492, -0.825224380493164, 1, 0, 0, 1
-0.613897323608398, 1, -0.294928665161133, 0, 1, 0
1, 0.179169731140137, 0.671847991943359, 1, 0, 0
-1, 0.599279708862305, 0.860902786254883, -1, 0, 0
-0.855839385986328, -0.813107681274414, -1, 0, 0, -1
-1, 0.0718436717987061, -0.546842651367187, -1, 0, 0
-1, 0.132927885055542, 0.357270774841309, -1, 0, 0
-0.0773241806030273, 0.861001586914062, -1, 0, 0, -1
-0.749828948974609, 1, -0.0424250936508179, 0, 1, 0
0.148720569610596, -1, 0.783701400756836, 0, -1, 0
0.62306396484375, 1, 0.595430221557617, 0, 1, 0
0.996883392333984, 0.940719985961914, 0.952143859863281, 0.980196058750153, 0.140028014779091, 0.140028014779091
-0.724372177124023, 0.366525115966797, 1, 0, 0, 1
-0.736047744750977, -0.328486022949219, 1, 0, 0, 1
0.0633174896240234, 0.0570122385025024, -1, 0, 0, -1
-0.0640482711791992, -0.318274784088135, -1, 0, 0, -1
-1, -0.332782211303711, 0.926918563842773, -1, 0, 0
0.520404319763184, 0.462136878967285, 1, 0, 0, 1
-0.883628921508789, -1, 0.657659683227539, 0, -1, 0
-0.23106143951416, 0.547416229248047, 1, 0, 0, 1
0.478855857849121, 0.348829040527344, 1, 0, 0, 1
-1, 0.788841094970703, 0.467785263061523, -1, 0, 0
0.22873083114624, -1, -0.537387199401856, 0, -1, 0
0.775244445800781, 1, -0.211682643890381, 0, 1, 0
0.180057067871094, 1, -0.507530212402344, 0, 1, 0
0.943282623291016, -1, -0.530323143005371, 0, -1, 0
-1, -0.629889221191406, -0.736692962646484, -1, 0, 0
0.454653663635254, 0.648457412719727, -1, 0, 0, -1
-0.34734317779541, 1, -0.138163709640503, 0, 1, 0
1, 0.540711555480957, 0.382513580322266, 1, 0, 0
-0.363942642211914, -1, -0.191616516113281, 0, -1, 0
-0.675092391967773, 0.898590850830078, 1, 0, 0, 1
-0.546526641845703, 0.0679459476470947, -1, 0, 0, -1
1, -0.601656646728516, -0.480517692565918, 1, 0, 0
-1, 0.586924095153809, -0.423958702087402, -1, 0, 0
1, 0.307499141693115, 0.791042633056641, 1, 0, 0
-0.467898941040039, -0.633777389526367, 1, 0, 0, 1
-0.942573699951172, -0.992978057861328, -0.928648452758789, -0.230372279882431, -0.958897769451141, -0.165661200881004
-0.750610275268555, 0.185268478393555, -1, 0, 0, -1
1, -0.235761528015137, 0.688290100097656, 1, 0, 0
0.0924991321563721, -0.873901062011719, 1, 0, 0, 1
-0.6323046875, -1, -0.576850776672363, 0, -1, 0
1, 0.749302520751953, 0.483687858581543, 1, 0, 0
1, -0.61294677734375, 0.459776611328125, 1, 0, 0
-0.686396255493164, -0.95606086730957, 0.999276733398437, 0, -0.124034732580185, 0.992277860641479
-1, -0.0220481896400452, 0.773265838623047, -1, 0, 0
-0.33790714263916, -0.51961784362793, -1, 0, 0, -1
-0.0254538917541504, -1, 0.472791328430176, 0, -1, 0
-0.966663818359375, 1, 0.508273429870606, 0, 1, 0
-0.120106973648071, 0.431635131835937, 1, 0, 0, 1
0.55755199432373, 1, 0.563907356262207, 0, 1, 0
-0.815129013061523, -1, 0.360642585754395, 0, -1, 0
0.38686767578125, 1, -0.136031951904297, 0, 1, 0
-1, -0.459180603027344, 0.0986390209197998, -1, 0, 0
0.680780563354492, 0.818154678344727, -1, 0, 0, -1
0.683034744262695, -1, 0.36742317199707, 0, -1, 0
-0.433125228881836, -0.15112268447876, -1, 0, 0, -1
0.333564796447754, 0.380708923339844, 1, 0, 0, 1
0.659588470458984, 1, -0.883042602539063, 0, 1, 0
-0.237788333892822, -1, 0.664084701538086, 0, -1, 0
-0.631913032531738, -0.640793228149414, -1, 0, 0, -1
-0.575381851196289, -1, 0.323622360229492, 0, -1, 0
-0.21811279296875, 0.962368392944336, -1, 0, 0, -1
-1, 0.674666976928711, -0.823656387329102, -1, 0, 0
0.768591995239258, 0.919821166992188, 1, 0, 0, 1
-0.137157363891602, -0.509718780517578, -1, 0, 0, -1
-0.331576957702637, -0.987845001220703, -0.972852325439453, 0, -0.908319413661957, -0.418277204036713
-1, 0.584810104370117, -0.236031723022461, -1, 0, 0
-1, -0.403471069335938, -0.75322998046875, -1, 0, 0
1, 0.34277904510498, -0.388227577209473, 1, 0, 0
-0.390072631835937, 0.528935470581055, 1, 0, 0, 1
-0.541917381286621, -1, 0.162111625671387, 0, -1, 0
-0.541917419433594, -1, 0.474523620605469, 0, -1, 0
1, -0.57913745880127, -0.732141494750977, 1, 0, 0
0.581832389831543, 0.56412670135498, 1, 0, 0, 1
1, -0.642236175537109, -0.531564750671387, 1, 0, 0
-0.319397144317627, -0.136284294128418, 1, 0, 0, 1
-0.825841598510742, 1, -0.543328170776367, 0, 1, 0
-0.137261247634888, -1, -0.588910942077637, 0, -1, 0
0.950174789428711, -0.612719650268555, -1, 0, 0, -1
-0.0997742652893066, -0.95760383605957, 1, 0, 0, 1
-0.861691436767578, -1, 0.169112415313721, 0, -1, 0
-1, -0.707421264648437, 0.466485824584961, -1, 0, 0
-0.338282051086426, 1, -0.237785453796387, 0, 1, 0
0.180595951080322, 0.60696403503418, 1, 0, 0, 1
0.338797378540039, 1, 0.188505401611328, 0, 1, 0
1, -0.868908233642578, -0.267639217376709, 1, 0, 0
-0.730016632080078, 0.0620217895507813, 1, 0, 0, 1
1, -0.734171829223633, 0.137426605224609, 1, 0, 0
0.864923706054687, 0.875834503173828, 1, 0, 0, 1
1, -0.341327896118164, -0.286479034423828, 1, 0, 0
-0.330647125244141, -1, 0.369557838439941, 0, -1, 0
0.265866184234619, -0.0954486846923828, 1, 0, 0, 1
0.965553741455078, 1, -0.719513702392578, 0, 1, 0
0.883663482666016, 0.860418395996094, -1, 0, 0, -1
0.233200168609619, 0.359455604553223, 1, 0, 0, 1
0.562025756835937, 1, -0.450374031066895, 0, 1, 0
-0.445835266113281, -0.420618057250977, -1, 0, 0, -1
0.958070068359375, 0.174886341094971, 1, 0, 0, 1
0.261226577758789, 1, -0.750511779785156, 0, 1, 0
-0.102761449813843, 0.367803802490234, 1, 0, 0, 1
1, -0.863243637084961, 0.690073623657227, 1, 0, 0
-0.123980121612549, 0.443631057739258, -1, 0, 0, -1
1, 0.357730712890625, -0.149811191558838, 1, 0, 0
0.466784706115723, 0.771906585693359, 1, 0, 0, 1
-0.154472541809082, 1, 0.541764259338379, 0, 1, 0
-0.357460632324219, 0.654980163574219, -1, 0, 0, -1
0.717167739868164, 1, 0.7255615234375, 0, 1, 0
-0.916567230224609, 0.652889556884766, -1, 0, 0, -1
0.567910766601562, 1, 0.445821418762207, 0, 1, 0
1, 0.488392906188965, 0.586197471618652, 1, 0, 0
-0.998644866943359, -0.230051708221436, -0.953057174682617, -0.992039263248444, 0, -0.125928968191147
-0.139386644363403, -0.340823059082031, 1, 0, 0, 1
0.900257797241211, -1, 0.387223091125488, 0, -1, 0
1, -0.0513111639022827, 0.566787414550781, 1, 0, 0
0.0315622353553772, -1, -0.885192337036133, 0, -1, 0
-0.432125854492187, -0.879232177734375, -1, 0, 0, -1
-0.198113212585449, -1, 0.752121047973633, 0, -1, 0
0.67304313659668, -1, 0.650010070800781, 0, -1, 0
0.997969207763672, -0.956790008544922, -0.0993829727172852, 0.993883669376373, -0.110431522130966, 0
-0.747149276733398, 1, -0.349157104492188, 0, 1, 0
-0.760119705200195, -0.857267761230469, 1, 0, 0, 1
0.986347885131836, 0.9435205078125, -0.992030944824219, 0.31622776389122, 0, -0.948683261871338
-0.959752502441406, 0.998477783203125, -0.32329044342041, -0.157448187470436, 0.987527251243591, 0
1, -0.448845710754395, 0.247641448974609, 1, 0, 0
-0.744993057250977, -1, -0.528314476013184, 0, -1, 0
0.705621871948242, -1, -0.823355865478516, 0, -1, 0
-0.654260406494141, 0.351038436889648, -1, 0, 0, -1
0.431593055725098, 0.149804162979126, -1, 0, 0, -1
-0.212810974121094, -1, 0.916453704833984, 0, -1, 0
-1, 0.29350549697876, -0.929787826538086, -1, 0, 0
1, -0.888109588623047, -0.6144384765625, 1, 0, 0
0.762250061035156, 1, -0.602913398742676, 0, 1, 0
1, -0.951174468994141, 0.039246723651886, 1, 0, 0
-0.682192993164063, 1, 0.204191837310791, 0, 1, 0
0.199179039001465, 0.727068252563477, 1, 0, 0, 1
-0.267926731109619, -0.504154968261719, 1, 0, 0, 1
-1, -0.566951484680176, 0.792467193603516, -1, 0, 0
-1, 0.0547784376144409, -0.0346498322486877, -1, 0, 0
-0.23980899810791, 0.464806213378906, -1, 0, 0, -1
-1, 0.386561737060547, 0.530912551879883, -1, 0, 0
-0.979511642456055, 0.929030303955078, 0.997159271240234, -0.251147657632828, 0, 0.967948734760284
-0.418833427429199, 1, -0.332644004821777, 0, 1, 0
0.403082618713379, -1, -0.83848388671875, 0, -1, 0
1, 0.15208194732666, 0.461282806396484, 1, 0, 0
0.472589454650879, 1, 0.456234970092773, 0, 1, 0
-0.915851135253906, 1, -0.910656051635742, 0, 1, 0
1, -0.0668036794662476, -0.748731231689453, 1, 0, 0
0.296332054138184, 1, 0.463593635559082, 0, 1, 0
-1, -0.524866943359375, 0.0570746326446533, -1, 0, 0
0.842845916748047, 0.147808561325073, 1, 0, 0, 1
-1, -0.254163398742676, 0.0598922634124756, -1, 0, 0
-0.362304458618164, 1, -0.539023857116699, 0, 1, 0
1, -0.0708263683319092, -0.484314804077148, 1, 0, 0
0.0806173133850098, 1, 0.917264022827148, 0, 1, 0
-0.864220428466797, -0.152980356216431, 1, 0, 0, 1
-0.210875396728516, 1, -0.960450057983398, 0, 1, 0
1, 0.183333778381348, 0.907346954345703, 1, 0, 0
0.732065505981445, -1, 0.462430191040039, 0, -1, 0
0.0486043405532837, 0.392220153808594, -1, 0, 0, -1
0.270361652374268, 1, 0.900288009643555, 0, 1, 0
0.624156532287598, -0.328464050292969, 1, 0, 0, 1
0.123411264419556, 1, 0.67333251953125, 0, 1, 0
0.047021632194519, -1, 0.177871036529541, 0, -1, 0
0.361954231262207, -0.0381798386573792, -1, 0, 0, -1
-1, -0.33586311340332, -0.596812858581543, -1, 0, 0
0.583311386108398, -0.526693840026855, -1, 0, 0, -1
-0.746033325195313, 0.769399490356445, 1, 0, 0, 1
-1, 0.926217803955078, 0.702596969604492, -1, 0, 0
-0.141245059967041, 1, -0.339449348449707, 0, 1, 0
0.590494995117188, -0.567880477905273, 1, 0, 0, 1
1, 0.546926612854004, -0.532375068664551, 1, 0, 0
0.338215408325195, 0.105571460723877, -1, 0, 0, -1
-1, 0.340002021789551, 0.924829788208008, -1, 0, 0
0.352870597839355, -1, -0.24247615814209, 0, -1, 0
0.462642936706543, 0.869190826416016, -1, 0, 0, -1
-1, 0.273291053771973, 0.0507804727554321, -1, 0, 0
-0.254802494049072, 1, -0.850376510620117, 0, 1, 0
-0.186789588928223, 1, 0.0676531505584717, 0, 1, 0
-0.5418017578125, 0.827655868530274, -1, 0, 0, -1
-1, -0.338368186950684, 0.053054633140564, -1, 0, 0
-0.310840435028076, -0.424341735839844, -1, 0, 0, -1
1, 0.781657638549805, -0.31296443939209, 1, 0, 0
-0.132067089080811, -1, -0.400586853027344, 0, -1, 0
0.35121410369873, -0.644636764526367, 1, 0, 0, 1
1, 0.0669547748565674, 0.78039794921875, 1, 0, 0
-1, 0.777395401000977, 0.646108474731445, -1, 0, 0
-0.167214984893799, 1, 0.442026824951172, 0, 1, 0
-1, -0.72272834777832, -0.369377937316895, -1, 0, 0
-0.565167617797852, 1, 0.559086532592773, 0, 1, 0
-0.562812767028809, 1, 0.759565048217773, 0, 1, 0
1, -0.0417643690109253, -0.246126918792725, 1, 0, 0
-1, -0.914987869262695, -0.166252975463867, -1, 0, 0
-0.645915069580078, 1, -0.752838134765625, 0, 1, 0
-0.861358032226562, 0.671209106445313, 1, 0, 0, 1
0.559403305053711, -0.205025978088379, -1, 0, 0, -1
1, 0.706188812255859, -0.23706615447998, 1, 0, 0
1, -0.642153549194336, 0.699872283935547, 1, 0, 0
-0.899388732910156, -0.0249439692497253, -1, 0, 0, -1
0.0520173645019531, -0.729672012329102, -1, 0, 0, -1
-0.00222099706530571, 1, 0.793440246582031, 0, 1, 0
0.87246940612793, 0.149900236129761, -1, 0, 0, -1
-0.858709716796875, -0.22459264755249, -1, 0, 0, -1
-0.870980606079102, 1, -0.142752380371094, 0, 1, 0
0.290355091094971, 1, -0.241867370605469, 0, 1, 0
-1, -0.332734260559082, -0.167575550079346, -1, 0, 0
1, 0.915474014282227, -0.327671203613281, 1, 0, 0
1, 0.0677807235717773, 0.359638328552246, 1, 0, 0
-0.139153633117676, -1, 0.556123771667481, 0, -1, 0
-1, 0.0824815940856934, 0.777760009765625, -1, 0, 0
0.402519149780273, 1, -0.733903045654297, 0, 1, 0
1, 0.872536087036133, 0.883202209472656, 1, 0, 0
-1, 0.89047119140625, -0.798687591552734, -1, 0, 0
-0.976343841552734, -0.923972320556641, 0.995868225097656, -0.242535635828972, 0, 0.970142543315887
1, -0.337615928649902, 0.20055269241333, 1, 0, 0
0.567305946350098, 0.346961288452148, -1, 0, 0, -1
0.642828063964844, -0.13968635559082, 1, 0, 0, 1
-0.141082305908203, -0.549874458312988, 1, 0, 0, 1
-1, 0.357509346008301, -0.447057342529297, -1, 0, 0
-0.530058784484863, 1, -0.949920272827148, 0, 1, 0
0.968579406738281, 0.779328689575195, 1, 0, 0, 1
-0.00796204626560211, -0.131706075668335, 1, 0, 0, 1
1, 0.171320304870605, 0.0647434616088867, 1, 0, 0
-1, -0.55355411529541, 0.354677238464355, -1, 0, 0
-0.886650085449219, 0.757761535644531, -1, 0, 0, -1
0.091077938079834, 1, -0.218008823394775, 0, 1, 0
-0.207312393188477, -0.638932800292969, 1, 0, 0, 1
-1, -0.851690826416016, -0.755127716064453, -1, 0, 0
0.337585716247559, -1, -0.731140213012695, 0, -1, 0
-0.292892818450928, 0.772131576538086, 1, 0, 0, 1
0.20171558380127, 1, -0.786217803955078, 0, 1, 0
-0.752340850830078, 1, -0.720478210449219, 0, 1, 0
0.798620223999023, 1, -0.861083755493164, 0, 1, 0
-1, 0.758281631469727, -0.284640197753906, -1, 0, 0
-1, 0.458263893127441, 0.238494701385498, -1, 0, 0
1, -0.248934078216553, 0.625764579772949, 1, 0, 0
-1, 0.357751617431641, -0.345141716003418, -1, 0, 0
0.0514262676239014, -1, 0.432164649963379, 0, -1, 0
0.0660419654846191, -0.633045997619629, -1, 0, 0, -1
1, 0.557983627319336, 0.510979537963867, 1, 0, 0
-0.888794860839844, -1, 0.7269873046875, 0, -1, 0
1, -0.259958801269531, 0.288133335113525, 1, 0, 0
0.657754058837891, -1, 0.7676171875, 0, -1, 0
-0.259577713012695, 0.863810577392578, -1, 0, 0, -1
-0.0249392175674438, -0.430094947814941, 1, 0, 0, 1
-0.335497131347656, -1, 0.210756549835205, 0, -1, 0
-0.76476676940918, -1, 0.857571411132813, 0, -1, 0
0.986767501831055, 0.816522674560547, -0.928830337524414, 0.980580687522888, 0, -0.196116134524345
-1, -0.560239677429199, -0.422008209228516, -1, 0, 0
0.869040069580078, 1, -0.314158821105957, 0, 1, 0
-0.888157119750977, -1, -0.60619457244873, 0, -1, 0
-0.506995697021484, -1, 0.305968933105469, 0, -1, 0
1, 0.466811790466309, 0.0995032691955566, 1, 0, 0
1, -0.641541595458984, -0.863849182128906, 1, 0, 0
0.349358749389648, -0.163284664154053, -1, 0, 0, -1
0.546090087890625, -0.629862213134766, -1, 0, 0, -1
-1, 0.370953598022461, 0.643586273193359, -1, 0, 0
1, -0.773881301879883, -0.83784538269043, 1, 0, 0
0.652100830078125, -1, -0.103252429962158, 0, -1, 0
1, 0.904212036132813, 0.478633728027344, 1, 0, 0
-1, -0.062004656791687, -0.506325759887695, -1, 0, 0
-0.143630428314209, 0.651728744506836, 1, 0, 0, 1
0.267672100067139, -1, -0.0576230621337891, 0, -1, 0
0.435095329284668, -1, 0.194276256561279, 0, -1, 0
0.162962799072266, 0.166740036010742, 1, 0, 0, 1
-0.862018280029297, 1, 0.0763395643234253, 0, 1, 0
-1, -0.0362546682357788, -0.654730072021484, -1, 0, 0
-0.0432952928543091, -1, 0.379184226989746, 0, -1, 0
-0.73171257019043, -0.893663940429688, -1, 0, 0, -1
0.096485595703125, -1, 0.652407913208008, 0, -1, 0
0.265420837402344, 1, 0.178461513519287, 0, 1, 0
0.266673908233643, 1, -0.643606033325195, 0, 1, 0
-0.177875003814697, -0.0169962120056152, -1, 0, 0, -1
0.909816513061523, 1, -0.85714958190918, 0, 1, 0
0.456985130310059, -0.46657886505127, 1, 0, 0, 1
0.659497451782227, -0.0366584372520447, 1, 0, 0, 1
0.390317153930664, 0.141226015090942, 1, 0, 0, 1
0.461962394714355, 1, 0.758578338623047, 0, 1, 0
1, -0.718412628173828, -0.174078578948975, 1, 0, 0
0.94089599609375, -1, 0.179088821411133, 0, -1, 0
0.433854637145996, -0.148159885406494, -1, 0, 0, -1
1, -0.545546493530273, -0.845566101074219, 1, 0, 0
0.764859771728516, 1, 0.821014556884766, 0, 1, 0
-0.315492076873779, 1, 0.864975891113281, 0, 1, 0
0.856100845336914, 0.777257232666016, 1, 0, 0, 1
-0.67500373840332, 1, 0.794590377807617, 0, 1, 0
0.550504302978516, -1, -0.033459780216217, 0, -1, 0
-0.620590972900391, -0.456546745300293, 1, 0, 0, 1
-0.328757743835449, -0.405273246765137, 1, 0, 0, 1
1, -0.418622627258301, 0.136734800338745, 1, 0, 0
-1, 0.470660247802734, 0.839424896240234, -1, 0, 0
0.467196159362793, 0.403486022949219, -1, 0, 0, -1
1, -0.740662994384766, 0.26134578704834, 1, 0, 0
-0.958056716918945, 0.653891906738281, 1, 0, 0, 1
1, -0.857051162719727, -0.363331031799316, 1, 0, 0
0.752946090698242, 1, 0.560409240722656, 0, 1, 0
0.284601554870605, 0.926721267700195, -1, 0, 0, -1
1, 0.892090454101563, 0.0653808975219727, 1, 0, 0
0.935282974243164, -0.940748443603516, 1, 0, 0, 1
-1, 0.492767143249512, 0.46939754486084, -1, 0, 0
-0.884524154663086, -1, -0.241387462615967, 0, -1, 0
-0.638321838378906, 0.631746101379395, 1, 0, 0, 1
0.154000806808472, 0.738164138793945, -1, 0, 0, -1
-0.5285107421875, 1, -0.138284950256348, 0, 1, 0
0.912718276977539, 0.20089241027832, -1, 0, 0, -1
1, 0.474096946716309, -0.035847487449646, 1, 0, 0
1, 0.05835618019104, -0.82289794921875, 1, 0, 0
-0.830498733520508, -0.635047149658203, -1, 0, 0, -1
-0.626154670715332, 1, -0.0345872688293457, 0, 1, 0
0.654567184448242, 0.161712779998779, -1, 0, 0, -1
-0.702124252319336, -0.360278091430664, -1, 0, 0, -1
-0.47241886138916, 0.269412040710449, 1, 0, 0, 1
1, -0.00396856874227524, 0.655744781494141, 1, 0, 0
-0.574936408996582, -1, -0.22443323135376, 0, -1, 0
-0.0422654724121094, 0.0582359313964844, -1, 0, 0, -1
1, -0.475304908752441, 0.784372100830078, 1, 0, 0
0.369907836914062, 1, -0.296494579315186, 0, 1, 0
0.838726043701172, -1, 0.472134056091309, 0, -1, 0
-1, 0.157246065139771, -0.598505668640137, -1, 0, 0
1, -0.46232292175293, -0.36419750213623, 1, 0, 0
-0.211615505218506, -1, -0.652638092041016, 0, -1, 0
-0.0512678194046021, 1, -0.764599151611328, 0, 1, 0
-0.46042179107666, -0.511806221008301, 1, 0, 0, 1
-0.867932205200195, -0.515399169921875, -1, 0, 0, -1
1, 0.649975891113281, 0.277369632720947, 1, 0, 0
0.185053997039795, -1, -0.662800521850586, 0, -1, 0
0.992090454101562, -0.969343338012695, 0.901947250366211, 0.993883669376373, -0.110431522130966, 0
1, 0.682270355224609, 0.0678403329849243, 1, 0, 0
-0.617394409179687, 0.134754409790039, -1, 0, 0, -1
-0.266582717895508, -1, -0.153345680236816, 0, -1, 0
0.361229400634766, -1, 0.545629577636719, 0, -1, 0
-0.0187122058868408, -0.642154159545898, 1, 0, 0, 1
-0.539911460876465, -0.522084884643555, -1, 0, 0, -1
-0.340379753112793, -0.84127685546875, -1, 0, 0, -1
-0.723132858276367, -0.0535926961898804, 1, 0, 0, 1
1, 0.770171508789062, 0.0191910648345947, 1, 0, 0
0.748598785400391, -0.866017684936523, -1, 0, 0, -1
-0.634094657897949, -1, 0.77421760559082, 0, -1, 0
0.15626537322998, -0.52668285369873, -1, 0, 0, -1
-1, 0.649967422485352, 0.169341907501221, -1, 0, 0
-0.647140502929688, -0.0199595546722412, -1, 0, 0, -1
-0.0228073644638062, 0.0369795227050781, 1, 0, 0, 1
-0.749983062744141, -1, 0.487720985412598, 0, -1, 0
-0.11399097442627, 0.909269104003906, -1, 0, 0, -1
-0.232917575836182, 0.170030651092529, 1, 0, 0, 1
0.998354339599609, -0.835468368530274, -0.931090393066406, 0.996545791625977, 0, -0.083045482635498
0.365115547180176, 1, -0.0259622097015381, 0, 1, 0
1, 0.452625923156738, 0.459973106384277, 1, 0, 0
-1, -0.255235729217529, -0.122601804733276, -1, 0, 0
-1, 0.140574588775635, 0.0701993322372437, -1, 0, 0
-0.414200134277344, -1, 0.200816192626953, 0, -1, 0
-0.914969482421875, 1, -0.769794921875, 0, 1, 0
1, -0.0165913414955139, 0.150881910324097, 1, 0, 0
-1, -0.359118118286133, -0.836186065673828, -1, 0, 0
-1, 0.547253341674805, -0.582441787719727, -1, 0, 0
-1, 0.757864532470703, 0.265572471618652, -1, 0, 0
-0.0407299566268921, -0.526302032470703, -1, 0, 0, -1
-0.904088973999023, -1, -0.139910612106323, 0, -1, 0
-1, -0.749570693969727, -0.0274222683906555, -1, 0, 0
0.2664524269104, 0.899103622436523, 1, 0, 0, 1
0.0733790874481201, -0.234515857696533, 1, 0, 0, 1
0.350924911499023, 0.490221481323242, -1, 0, 0, -1
0.753343505859375, -1, 0.258684139251709, 0, -1, 0
1, 0.265077209472656, 0.595682487487793, 1, 0, 0
0.237273635864258, 0.268602695465088, -1, 0, 0, -1
-1, -0.335440444946289, 0.537971839904785, -1, 0, 0
0.796707153320312, 1, -0.0260730910301208, 0, 1, 0
1, -0.48385856628418, -0.792413482666016, 1, 0, 0
0.869324111938477, 1, -0.637776489257812, 0, 1, 0
0.588019409179688, -1, 0.560361328125, 0, -1, 0
-0.857180252075195, 0.444584465026856, -1, 0, 0, -1
1, 0.276058979034424, 0.089163179397583, 1, 0, 0
-0.881167373657227, -1, -0.477349052429199, 0, -1, 0
0.647675018310547, -1, -0.197266311645508, 0, -1, 0
-0.731805877685547, -1, -0.100080423355103, 0, -1, 0
0.902265014648438, 1, -0.187038230895996, 0, 1, 0
0.852691650390625, 0.668106307983398, -1, 0, 0, -1
-0.959833831787109, 0.956846160888672, -0.996188735961914, -0.187365546822548, 0, -0.982290208339691
0.551839408874512, 1, -0.742959594726562, 0, 1, 0
-0.41994441986084, -1, 0.367976341247559, 0, -1, 0
-0.0597770357131958, 0.266427173614502, 1, 0, 0, 1
0.652214889526367, 0.721836318969727, 1, 0, 0, 1
-0.355592956542969, -0.823772277832031, 1, 0, 0, 1
0.785945587158203, 1, 0.640857162475586, 0, 1, 0
-1, 0.899201354980469, 0.078358359336853, -1, 0, 0
-1, 0.863274307250977, -0.618598136901855, -1, 0, 0
1, -0.439179496765137, 0.378049278259277, 1, 0, 0
1, 0.384953308105469, 0.857615127563477, 1, 0, 0
-0.747280578613281, -1, 0.645979690551758, 0, -1, 0
0.328558082580566, 0.286493301391602, 1, 0, 0, 1
1, 0.305756320953369, 0.237431640625, 1, 0, 0
0.890205764770508, -1, 0.140411586761475, 0, -1, 0
-0.541673583984375, -0.724339218139648, 1, 0, 0, 1
0.136224822998047, 0.564998970031738, -1, 0, 0, -1
-0.855937423706055, 1, 0.358313026428223, 0, 1, 0
-0.764765701293945, -0.14051854133606, 1, 0, 0, 1
-0.0472885417938232, -0.837725601196289, -1, 0, 0, -1
0.0807801532745361, 1, -0.777435073852539, 0, 1, 0
0.396991195678711, -1, -0.061933159828186, 0, -1, 0
-0.971725311279297, -0.551289329528809, -0.9938134765625, -0.216038540005684, 0, -0.976384818553925
-0.859908828735352, -1, -0.341525459289551, 0, -1, 0
-1, -0.0557611846923828, -0.344673347473145, -1, 0, 0
-0.530830307006836, -0.88130859375, -1, 0, 0, -1
-1, 0.262135677337646, 0.157564287185669, -1, 0, 0
-0.319886531829834, 1, -0.335879325866699, 0, 1, 0
-0.451703453063965, 1, -0.105992422103882, 0, 1, 0
-0.149558620452881, -0.429950256347656, -1, 0, 0, -1
1, 0.935579986572266, -0.484237594604492, 1, 0, 0
-1, -0.435617980957031, -0.469108924865723, -1, 0, 0
-1, 0.256907978057861, -0.543650093078613, -1, 0, 0
0.752408294677734, 0.227038612365723, 1, 0, 0, 1
-1, -0.830147857666016, -0.249042835235596, -1, 0, 0
0.580288314819336, -1, 0.299727592468262, 0, -1, 0
0.945252914428711, 0.272443923950195, -1, 0, 0, -1
-0.142789344787598, -1, -0.209032402038574, 0, -1, 0
-1, -0.0646779775619507, 0.167954120635986, -1, 0, 0
1, 0.681996154785156, -0.402536926269531, 1, 0, 0
0.759547119140625, -0.664856948852539, -1, 0, 0, -1
-1, 0.0937701797485352, 0.588342056274414, -1, 0, 0
0.460805740356445, 0.890393600463867, 1, 0, 0, 1
1, -0.460898895263672, 0.903173294067383, 1, 0, 0
1, 0.319684734344482, -0.949786376953125, 1, 0, 0
-0.750382919311523, -1, -0.328524436950684, 0, -1, 0
1, 0.343712959289551, -0.508050575256348, 1, 0, 0
0.575611839294434, 1, 0.299042282104492, 0, 1, 0
0.184938125610352, 0.643007125854492, -1, 0, 0, -1
1, 0.557930679321289, 0.884430084228516, 1, 0, 0
1, 0.920727157592773, 0.697161331176758, 1, 0, 0
-0.905223236083984, -0.940888977050781, -0.997925262451172, -0.10515882819891, -0.0591810159385204, -0.992692887783051
0.247880096435547, -1, 0.48548152923584, 0, -1, 0
1, 0.393603820800781, -0.85928581237793, 1, 0, 0
0.0266199493408203, -1, -0.18050235748291, 0, -1, 0
-1, 0.204873237609863, -0.221671562194824, -1, 0, 0
-0.020297212600708, -0.693141937255859, -1, 0, 0, -1
1, -0.928622055053711, -0.493867378234863, 1, 0, 0
-1, 0.14650276184082, -0.697870330810547, -1, 0, 0
-0.144426069259644, 0.880513000488281, 1, 0, 0, 1
0.662366638183594, 0.455310249328613, -1, 0, 0, -1
0.798589935302734, 1, 0.0589023637771606, 0, 1, 0
0.453115234375, -0.31716588973999, -1, 0, 0, -1
0.488609199523926, -1, -0.443865242004395, 0, -1, 0
0.558296089172363, 0.249165267944336, 1, 0, 0, 1
-0.874477767944336, 0.355308532714844, -1, 0, 0, -1
-1, -0.887315292358398, 0.459772567749023, -1, 0, 0
1, 0.128193778991699, -0.737164993286133, 1, 0, 0
-0.250510101318359, -0.740855255126953, 1, 0, 0, 1
0.539940414428711, 0.0215498852729797, -1, 0, 0, -1
-0.948370208740234, 0.419283485412598, 1, 0, 0, 1
0.808430557250977, -0.722903442382813, 1, 0, 0, 1
0.504205932617187, -1, -0.649668731689453, 0, -1, 0
1, -0.858665924072266, -0.742418212890625, 1, 0, 0
0.759590759277344, -0.345508270263672, 1, 0, 0, 1
-0.886208267211914, -1, 0.487342910766602, 0, -1, 0
-0.864338073730469, 0.147904834747314, 1, 0, 0, 1
0.31578577041626, -1, 0.64016487121582, 0, -1, 0
0.950355758666992, 1, 0.765677032470703, 0, 1, 0
0.247736148834229, 1, 0.0607267665863037, 0, 1, 0
0.237913455963135, 1, -0.436598854064941, 0, 1, 0
1, -0.632463188171387, 0.570016212463379, 1, 0, 0
1, -0.5030810546875, 0.465314521789551, 1, 0, 0
-1, -0.890008392333984, -0.426549301147461, -1, 0, 0
0.0659047985076904, 1, -0.0296110415458679, 0, 1, 0
0.748445434570313, -0.645930709838867, 1, 0, 0, 1
-1, -0.554345092773437, 0.694326400756836, -1, 0, 0
-0.75664924621582, 0.566536178588867, -1, 0, 0, -1
-1, -0.280073490142822, 0.158698720932007, -1, 0, 0
0.678123245239258, -1, -0.312385807037354, 0, -1, 0
-1, 0.360887031555176, 0.0646876239776611, -1, 0, 0
0.558059539794922, -0.120844955444336, -1, 0, 0, -1
0.471452941894531, -0.438917922973633, -1, 0, 0, -1
1, 0.905576171875, -0.666152420043945, 1, 0, 0
1, -0.926387634277344, 0.15926308631897, 1, 0, 0
1, -0.570934638977051, -0.6433056640625, 1, 0, 0
1, -0.625543746948242, -0.95117073059082, 1, 0, 0
-0.144635314941406, -0.217882461547852, 1, 0, 0, 1
0.707851409912109, 0.683543243408203, 1, 0, 0, 1
-0.094950590133667, -0.989392776489258, -0.962129211425781, 0, -0.980580687522888, -0.196116134524345
-1, 0.677095489501953, 0.940206985473633, -1, 0, 0
-1, -0.0611377763748169, 0.609314231872559, -1, 0, 0
0.185149726867676, 0.362171974182129, -1, 0, 0, -1
-0.881843414306641, -1, 0.301195106506348, 0, -1, 0
0.731950225830078, -1, -0.381277275085449, 0, -1, 0
-0.739082717895508, -0.654725875854492, 1, 0, 0, 1
-1, -0.861141662597656, 0.264725894927979, -1, 0, 0
0.980923767089844, -0.99435920715332, -0.720646286010742, 0.305214494466782, -0.952283620834351, 0
-1, 0.381826667785645, -0.252988624572754, -1, 0, 0
-0.975150985717773, 0.79200813293457, 0.992646179199219, -0.447213590145111, 0, 0.894427180290222
0.374022407531738, -0.420180931091309, 1, 0, 0, 1
0.116407108306885, 0.429870986938477, 1, 0, 0, 1
1, -0.8318310546875, 0.264797019958496, 1, 0, 0
-1, 0.577347030639648, 0.275386352539063, -1, 0, 0
-0.734050140380859, 0.146751508712769, 1, 0, 0, 1
-1, -0.409954643249512, -0.0454049444198608, -1, 0, 0
-0.236819839477539, 1, -0.354852561950684, 0, 1, 0
0.956667175292969, -0.999478988647461, -0.970180969238281, 0, -0.993471086025238, -0.114084497094154
0.351376533508301, -0.374093132019043, -1, 0, 0, -1
0.546102638244629, -0.308517780303955, 1, 0, 0, 1
-0.530944786071777, -1, 0.564779815673828, 0, -1, 0
0.272508983612061, 0.568932189941406, -1, 0, 0, -1
1, -0.336699028015137, -0.876176452636719, 1, 0, 0
1, 0.266926345825195, -0.315001335144043, 1, 0, 0
0.246426811218262, 0.793386688232422, 1, 0, 0, 1
0.555192680358887, 0.921747436523437, -1, 0, 0, -1
0.562874031066895, -1, -0.209145088195801, 0, -1, 0
-1, -0.872317733764648, 0.339847373962402, -1, 0, 0
1, -0.139497127532959, -0.531893081665039, 1, 0, 0
0.743539352416992, 1, 0.34995475769043, 0, 1, 0
0.24900728225708, -0.428505592346191, 1, 0, 0, 1
-0.20581090927124, 1, 0.912205429077148, 0, 1, 0
0.877893218994141, 1, 0.615211029052734, 0, 1, 0
-1, -0.0587328863143921, 0.0209319114685059, -1, 0, 0
-1, 0.266797752380371, -0.748779449462891, -1, 0, 0
-0.146566648483276, 1, -0.256632251739502, 0, 1, 0
0.238636703491211, 1, 0.80188606262207, 0, 1, 0
0.0397182154655457, 0.137771968841553, 1, 0, 0, 1
0.0701862478256226, 1, -0.335199546813965, 0, 1, 0
-0.566466827392578, 1, -0.628452415466309, 0, 1, 0
-0.244107208251953, 0.0548228549957275, -1, 0, 0, -1
-0.0417696046829224, -0.347057151794434, 1, 0, 0, 1
1, -0.454833488464355, -0.0367230820655823, 1, 0, 0
0.755366668701172, -1, -0.741585998535156, 0, -1, 0
-1, 0.0644920969009399, -0.633449440002441, -1, 0, 0
-0.0370494246482849, 1, -0.434908714294434, 0, 1, 0
-0.264412059783936, -1, 0.0909540939331055, 0, -1, 0
-0.964934158325195, 1, 0.3367431640625, 0, 1, 0
-1, 0.0353110718727112, 0.169717559814453, -1, 0, 0
1, -0.743411560058594, 0.923786087036133, 1, 0, 0
0.541110496520996, 0.474912910461426, -1, 0, 0, -1
1, -0.850220642089844, 0.355302848815918, 1, 0, 0
-0.456263160705566, -0.995618896484375, 0.988357391357422, 0, -0.948683261871338, 0.31622776389122
0.572368698120117, -0.757837142944336, 1, 0, 0, 1
-0.0451713562011719, -0.434390106201172, -1, 0, 0, -1
-0.610401000976562, -0.145796489715576, -1, 0, 0, -1
0.894028854370117, -1, 0.78080696105957, 0, -1, 0
-0.541797409057617, -0.523258743286133, 1, 0, 0, 1
0.574953460693359, -0.998422470092773, -0.901312713623047, 0, -0.995838642120361, -0.0911341682076454
1, 0.679952163696289, -0.718114547729492, 1, 0, 0
-0.997191543579102, -0.952402496337891, 0.197404880523682, -0.975762844085693, -0.218830928206444, 0
0.259522609710693, -0.552237091064453, 1, 0, 0, 1
-0.0345742416381836, 0.946759414672852, 1, 0, 0, 1
-0.470203247070313, 0.0772465991973877, -1, 0, 0, -1
-0.571849594116211, 0.342706146240234, 1, 0, 0, 1
-0.638936042785645, 0.489683113098145, -1, 0, 0, -1
-0.646889266967773, -0.336075439453125, 1, 0, 0, 1
-1, -0.454388961791992, 0.403332786560059, -1, 0, 0
0.2569677734375, -0.346363906860352, 1, 0, 0, 1
-0.632959594726562, 1, -0.610690765380859, 0, 1, 0
-0.630683364868164, 0.458101425170898, 1, 0, 0, 1
0.191656169891357, 1, -0.0483835983276367, 0, 1, 0
-0.565339775085449, 0.157802991867065, 1, 0, 0, 1
-0.271927719116211, -1, -0.808360214233398, 0, -1, 0
-0.0540246200561523, -1, -0.433011932373047, 0, -1, 0
-1, -0.138221530914307, -0.503036956787109, -1, 0, 0
0.55652515411377, -1, 0.0563814496994019, 0, -1, 0
0.950442199707031, -0.815979766845703, -1, 0, 0, -1
1, -0.542887687683105, 0.372256851196289, 1, 0, 0
-0.127527017593384, 1, 0.824255447387695, 0, 1, 0
-1, 0.243574390411377, 0.558618659973145, -1, 0, 0
0.135906114578247, 1, 0.557032203674316, 0, 1, 0
0.54132209777832, 0.21108793258667, -1, 0, 0, -1
-1, 0.624021415710449, -0.656900863647461, -1, 0, 0
1, 0.371120452880859, -0.0549137258529663, 1, 0, 0
0.175362205505371, -0.0457613134384155, -1, 0, 0, -1
0.136516170501709, -0.224603633880615, 1, 0, 0, 1
0.172695598602295, 1, 0.0306380724906921, 0, 1, 0
-0.0371079635620117, -0.875915374755859, 1, 0, 0, 1
-0.714875335693359, 0.988598556518555, 1, 0, 0, 1
-0.0285010862350464, 1, 0.372373886108398, 0, 1, 0
1, -0.219783191680908, 0.917655563354492, 1, 0, 0
-0.341359176635742, 0.0579258918762207, -1, 0, 0, -1
0.53311767578125, -0.739963226318359, -1, 0, 0, -1
-0.828922882080078, 0.865649261474609, 1, 0, 0, 1
0.31804443359375, 1, -0.578412132263184, 0, 1, 0
0.562956924438477, 1, -0.556111373901367, 0, 1, 0
1, 0.38773365020752, 0.0792054271697998, 1, 0, 0
-0.939242630004883, -0.986790618896484, -0.712388153076172, -0.296092301607132, -0.955159366130829, 0
-0.846124801635742, 0.997675552368164, 0.973424911499023, 0, 0.948683261871338, 0.31622776389122
-1, 0.391294212341309, 0.347030601501465, -1, 0, 0
-0.530417213439941, 1, -0.263690891265869, 0, 1, 0
1, 0.251098041534424, 0.492391815185547, 1, 0, 0
1, 0.958179626464844, -0.212110404968262, 1, 0, 0
0.84417594909668, -1, 0.684644012451172, 0, -1, 0
-0.0535770320892334, 1, -0.117644195556641, 0, 1, 0
1, 0.113370151519775, 0.1388698387146, 1, 0, 0
-1, 0.876407241821289, -0.506660308837891, -1, 0, 0
-0.269083194732666, 0.639045906066895, -1, 0, 0, -1
-1, -0.253076171875, -0.742006530761719, -1, 0, 0
1, -0.536988830566406, 0.159568910598755, 1, 0, 0
0.876936645507812, 0.997449340820313, -0.949834060668945, 0, 0.980580687522888, -0.196116134524345
1, -0.645025939941406, 0.0599000310897827, 1, 0, 0
-1, -0.451795768737793, 0.683505783081055, -1, 0, 0
-0.242934341430664, -0.234913501739502, -1, 0, 0, -1
0.481943855285645, -1, -0.249435253143311, 0, -1, 0
0.180516548156738, 1, 0.763167495727539, 0, 1, 0
-0.130849981307983, 1, -0.0254507637023926, 0, 1, 0
-1, 0.793575820922852, -0.0269365000724792, -1, 0, 0
0.722558975219727, -0.998919448852539, -0.938981094360352, 0, -0.993471086025238, -0.114084497094154
1, 0.681241302490234, -0.31983959197998, 1, 0, 0
-0.21260082244873, -1, 0.346766090393066, 0, -1, 0
-1, -0.721347885131836, -0.834861068725586, -1, 0, 0
0.955986785888672, -0.407572593688965, 1, 0, 0, 1
-0.0666331481933594, 1, 0.486208190917969, 0, 1, 0
1, 0.27035572052002, -0.845358276367188, 1, 0, 0
-1, 0.735527877807617, -0.554223442077637, -1, 0, 0
1, 0.756931610107422, 0.134067535400391, 1, 0, 0
-1, -0.0252915239334106, 0.273071765899658, -1, 0, 0
-0.0245475029945374, -1, -0.0251171207427979, 0, -1, 0
-0.991087341308594, 0.77065673828125, -0.989564056396484, -0.627923548221588, 0, -0.778275012969971
-0.717918701171875, -1, -0.476682968139648, 0, -1, 0
-0.63989875793457, -1, -0.845897369384766, 0, -1, 0
0.481216812133789, -1, 0.585021553039551, 0, -1, 0
0.0571390962600708, -1, -0.541808547973633, 0, -1, 0
-0.626107330322266, -0.529046669006348, -1, 0, 0, -1
0.953172302246094, 0.0865711975097656, -1, 0, 0, -1
0.384412002563477, 1, 0.644437713623047, 0, 1, 0
-0.318512306213379, -0.569276084899902, 1, 0, 0, 1
-1, -0.494522171020508, 0.488488159179688, -1, 0, 0
1, 0.391798477172852, 0.603262214660645, 1, 0, 0
-0.47750617980957, 1, 0.578799285888672, 0, 1, 0
-1, 0.163730697631836, 0.875880966186523, -1, 0, 0
-0.237767372131348, -1, -0.442703590393066, 0, -1, 0
-0.618492126464844, -0.662803726196289, 1, 0, 0, 1
0.450672340393066, -1, 0.747451324462891, 0, -1, 0
1, -0.156886262893677, -0.64328987121582, 1, 0, 0
1, 0.439219245910645, -0.753034210205078, 1, 0, 0
-0.530125617980957, 1, -0.0471662664413452, 0, 1, 0
0.170895118713379, 1, -0.63050163269043, 0, 1, 0
-0.382597846984863, 0.281704082489014, -1, 0, 0, -1
0.256945209503174, -1, -0.134591245651245, 0, -1, 0
0.529879379272461, 1, -0.809549713134766, 0, 1, 0
-0.977587738037109, 1, 0.0642194747924805, 0, 1, 0
1, -0.27000940322876, -0.130283050537109, 1, 0, 0
-0.524333724975586, 0.464155693054199, -1, 0, 0, -1
-0.576127090454102, -1, -0.825529403686523, 0, -1, 0
1, -0.226677551269531, 0.173891792297363, 1, 0, 0
0.767668609619141, -1, 0.63914867401123, 0, -1, 0
1, 0.89867301940918, 0.266449451446533, 1, 0, 0
1, -0.716865615844727, 0.774048843383789, 1, 0, 0
-1, 0.265020446777344, -0.0936928749084473, -1, 0, 0
0.430037040710449, 0.539211883544922, -1, 0, 0, -1
0.999506912231445, 0.505988731384277, -0.945581970214844, 0.995037198066711, 0, -0.0995037257671356
-0.264800586700439, -1, -0.541033020019531, 0, -1, 0
-0.0783790016174316, 0.0260400295257568, -1, 0, 0, -1
0.271320457458496, -1, 0.39548656463623, 0, -1, 0
-1, 0.0783035945892334, 0.634769821166992, -1, 0, 0
0.888982696533203, -0.454978446960449, -1, 0, 0, -1
0.454399032592773, 0.183166618347168, 1, 0, 0, 1
0.441804504394531, 0.278172512054443, 1, 0, 0, 1
0.879208526611328, -0.63120189666748, 1, 0, 0, 1
-0.815480499267578, 1, 0.90555061340332, 0, 1, 0
1, 0.757625045776367, 0.691308364868164, 1, 0, 0
1, 0.768297500610352, -0.639277572631836, 1, 0, 0
-0.63444393157959, -0.997422714233398, -0.932062149047852, 0, -0.995893239974976, -0.0905357524752617
0.503252944946289, -1, -0.798077621459961, 0, -1, 0
0.960434722900391, 0.447194900512695, 0.998454284667969, 0.124034732580185, 0, 0.992277860641479
-0.640095825195312, 1, -0.401661224365234, 0, 1, 0
-1, -0.770962066650391, 0.0698303747177124, -1, 0, 0
-0.246449794769287, -0.381400413513184, 1, 0, 0, 1
-1, -0.403804588317871, 0.274936046600342, -1, 0, 0
0.797350921630859, -1, 0.537537841796875, 0, -1, 0
-0.737046203613281, -0.749459228515625, 1, 0, 0, 1
1, 0.431470336914063, -0.639641036987305, 1, 0, 0
-1, -0.240185222625732, -0.436529273986816, -1, 0, 0
-1, -0.645379257202149, 0.173719425201416, -1, 0, 0
0.689708480834961, 1, 0.0641716384887695, 0, 1, 0
0.881896896362305, -1, 0.0133487820625305, 0, -1, 0
-0.00847263336181641, 1, -0.671521987915039, 0, 1, 0
1, -0.237111549377441, -0.0151671600341797, 1, 0, 0
0.659586944580078, -1, 0.482995491027832, 0, -1, 0
-0.139692897796631, 1, -0.433434829711914, 0, 1, 0
1, -0.352898941040039, 0.774943695068359, 1, 0, 0
-0.992734527587891, -0.0288016319274902, -0.988661727905274, -0.707106828689575, 0, -0.707106828689575
-1, -0.841742935180664, 0.565743064880371, -1, 0, 0
0.475762405395508, 1, -0.857450942993164, 0, 1, 0
1, -0.369170951843262, -0.42735595703125, 1, 0, 0
-0.528998908996582, -1, 0.764381790161133, 0, -1, 0
1, 0.0150235831737518, 0.0483332014083862, 1, 0, 0
0.495044059753418, -1, 0.666874084472656, 0, -1, 0
0.449521980285645, -1, -0.755381011962891, 0, -1, 0
-0.91736328125, 1, -0.428961791992188, 0, 1, 0
1, -0.532148628234863, -0.161785755157471, 1, 0, 0
1, 0.762862701416016, -0.174555912017822, 1, 0, 0
1, -0.414005889892578, -0.736603546142578, 1, 0, 0
0.36806453704834, -0.100400867462158, 1, 0, 0, 1
-0.638820877075195, -1, 0.0840712547302246, 0, -1, 0
0.743012771606445, -0.153718414306641, 1, 0, 0, 1
-0.2362868309021, 0.0762781620025635, 1, 0, 0, 1
1, -0.273385848999023, 0.0932819652557373, 1, 0, 0
0.329386444091797, 1, 0.339407386779785, 0, 1, 0
1, 0.0689746952056885, -0.940695648193359, 1, 0, 0
1, -0.489054107666016, -0.222656097412109, 1, 0, 0
1, -0.183924312591553, -0.332961807250977, 1, 0, 0
-1, -0.644947967529297, 0.492003288269043, -1, 0, 0
-1, -0.230830307006836, -0.648440246582031, -1, 0, 0
1, -0.149110069274902, 0.442262763977051, 1, 0, 0
-0.225644664764404, -1, 0.478466873168945, 0, -1, 0
1, 0.907298202514648, 0.590043601989746, 1, 0, 0
0.729145278930664, -1, -0.00733420372009277, 0, -1, 0
-1, -0.754834671020508, 0.764188385009766, -1, 0, 0
-0.741514129638672, -1, -0.212450065612793, 0, -1, 0
1, -0.868367004394531, 0.782475814819336, 1, 0, 0
0.72706672668457, 0.259633712768555, -1, 0, 0, -1
0.0451034545898438, 0.878869400024414, -1, 0, 0, -1
1, 0.338288269042969, -0.723309707641602, 1, 0, 0
1, 0.649270706176758, -0.133521909713745, 1, 0, 0
-1, -0.466788063049316, -0.938894882202148, -1, 0, 0
-0.137406558990479, 0.546168899536133, -1, 0, 0, -1
0.951005401611328, 1, 0.0996917343139648, 0, 1, 0
0.479548454284668, 0.999390106201172, -0.94623893737793, 0, 0.995037198066711, -0.0995037257671356
-0.579974670410156, -1, -0.340821914672852, 0, -1, 0
-0.626690864562988, -0.426927642822266, -1, 0, 0, -1
-1, 0.585413208007812, -0.141695833206177, -1, 0, 0
1, -0.525970039367676, 0.710406112670898, 1, 0, 0
0.179262027740479, 0.94349853515625, 1, 0, 0, 1
-1, -0.59786865234375, 0.617364349365234, -1, 0, 0
-0.880015182495117, 0.546821746826172, 1, 0, 0, 1
-0.677186126708984, 1, -0.148403406143188, 0, 1, 0
-0.130695352554321, -1, 0.87895751953125, 0, -1, 0
-0.626560249328613, -0.828432235717773, -1, 0, 0, -1
0.858676300048828, 0.555824508666992, -1, 0, 0, -1
-0.628348388671875, -1, 0.501783180236816, 0, -1, 0
0.902075729370117, -1, -0.11366138458252, 0, -1, 0
-0.883403244018555, 1, -0.0280195021629333, 0, 1, 0
-1, 0.0502094697952271, -0.428172302246094, -1, 0, 0
0.992308578491211, -0.298064937591553, -0.988249359130859, 0.832050323486328, 0, -0.554700195789337
-1, -0.823922348022461, -0.895384216308594, -1, 0, 0
-0.85696533203125, 0.256366634368897, -1, 0, 0, -1
-1, 0.585002899169922, 0.160219097137451, -1, 0, 0
0.241668357849121, -0.835516967773438, 1, 0, 0, 1
1, -0.510073356628418, -0.528609237670898, 1, 0, 0
0.337922592163086, -0.968400039672852, -0.998221893310547, 0, -0.206269010901451, -0.978495299816132
-0.434076194763184, 0.350290641784668, 1, 0, 0, 1
0.47416446685791, 1, 0.55027759552002, 0, 1, 0
0.949937438964844, -0.0413191366195679, 1, 0, 0, 1
-0.219207420349121, 1, 0.754729309082031, 0, 1, 0
1, 0.760659790039062, -0.743481826782227, 1, 0, 0
0.887923431396484, 0.56532886505127, 1, 0, 0, 1
0.853482818603516, -0.0466105794906616, 1, 0, 0, 1
-0.954346542358398, 1, 0.73392951965332, 0, 1, 0
-1, -0.73449577331543, 0.574955558776855, -1, 0, 0
0.834204254150391, 1, 0.470310287475586, 0, 1, 0
-1, 0.57912052154541, 0.353680877685547, -1, 0, 0
1, -0.84595588684082, -0.0577178621292114, 1, 0, 0
0.945113525390625, -0.308798694610596, 1, 0, 0, 1
-1, 0.893031463623047, -0.136731777191162, -1, 0, 0
-0.342928771972656, 1, 0.63803783416748, 0, 1, 0
-0.731344909667969, -1, -0.753642272949219, 0, -1, 0
1, 0.166709308624268, -0.43612190246582, 1, 0, 0
-0.736520233154297, 1, -0.981654663085938, 0, 1, 0
-0.504638290405273, -1, 0.0964052391052246, 0, -1, 0
1, 0.0290044856071472, -0.734868087768555, 1, 0, 0
1, 0.921199188232422, -0.0115651285648346, 1, 0, 0
-0.8639990234375, 0.154581050872803, -1, 0, 0, -1
-1, 0.476074409484863, -0.308953037261963, -1, 0, 0
-0.545305862426758, 0.553647346496582, -1, 0, 0, -1
-0.129887466430664, -0.878300247192383, -1, 0, 0, -1
1, 0.789762725830078, -0.828269805908203, 1, 0, 0
0.148917694091797, -0.3850537109375, 1, 0, 0, 1
0.567354736328125, -1, 0.469580612182617, 0, -1, 0
0.146712188720703, -1, 0.17375617980957, 0, -1, 0
1, 0.652529449462891, -0.819364624023438, 1, 0, 0
0.263074893951416, -1, 0.912916641235352, 0, -1, 0
-0.201774959564209, -0.0965027523040771, -1, 0, 0, -1
-0.0546746921539307, -1, 0.579625434875488, 0, -1, 0
-0.328801803588867, 0.327817306518555, 1, 0, 0, 1
-0.0504346132278442, 0.16243221282959, 1, 0, 0, 1
0.641340103149414, -0.468351821899414, -1, 0, 0, -1
0.997253265380859, 0.87985466003418, -0.961981353759766, 0.980368852615356, 0, -0.197172567248344
-0.990117034912109, -0.785153656005859, -0.994144515991211, -0.685026943683624, 0, -0.728517770767212
0.945003890991211, 1, -0.296143283843994, 0, 1, 0
0.476026268005371, -0.718065414428711, -1, 0, 0, -1
-0.152253170013428, 0.770811386108398, 1, 0, 0, 1
0.828026580810547, 0.694170761108398, 1, 0, 0, 1
-1, -0.542520141601562, -0.332190933227539, -1, 0, 0
1, -0.139683074951172, -0.825425109863281, 1, 0, 0
-1, -0.913358764648438, -0.534160461425781, -1, 0, 0
-1, 0.462371940612793, -0.417315826416016, -1, 0, 0
0.457174301147461, 1, -0.651074371337891, 0, 1, 0
-0.565344009399414, -0.158361158370972, 1, 0, 0, 1
-0.745805969238281, -0.153569116592407, -1, 0, 0, -1
1, 0.900694580078125, -0.117539892196655, 1, 0, 0
0.646700668334961, 1, -0.750257186889648, 0, 1, 0
0.765716781616211, 1, -0.45993106842041, 0, 1, 0
-0.451607398986816, 0.568036155700684, -1, 0, 0, -1
-0.308148708343506, -1, 0.931246871948242, 0, -1, 0
-0.649330444335938, 1, 0.584017028808594, 0, 1, 0
0.124201650619507, -1, 0.0558723211288452, 0, -1, 0
1, -0.869091796875, -0.162121639251709, 1, 0, 0
-0.319918766021729, 0.242421836853027, 1, 0, 0, 1
0.293897399902344, 1, -0.0460517549514771, 0, 1, 0
-0.852408828735352, 0.440505981445312, 1, 0, 0, 1
0.378626174926758, 1, -0.809678115844727, 0, 1, 0
-0.646428833007813, 1, 0.381435775756836, 0, 1, 0
-0.632674369812012, -0.0227766346931458, 1, 0, 0, 1
1, -0.256442565917969, -0.419493370056152, 1, 0, 0
1, -0.163079071044922, 0.0724186372756958, 1, 0, 0
1, 0.549745483398438, -0.647190780639648, 1, 0, 0
-1, 0.262401180267334, -0.653854827880859, -1, 0, 0
-1, 0.502583198547363, 0.946640472412109, -1, 0, 0
-0.364201049804687, 1, 0.474372634887695, 0, 1, 0
-0.446483879089355, 1, 0.442082481384277, 0, 1, 0
0.0634122467041016, -0.343573036193848, -1, 0, 0, -1
-0.891690444946289, -0.740133895874023, 1, 0, 0, 1
-0.732934799194336, 1, 0.0781989145278931, 0, 1, 0
-0.466876792907715, 1, 0.157598571777344, 0, 1, 0
-1, -0.113815670013428, -0.134191761016846, -1, 0, 0
-0.332088050842285, -0.227169990539551, 1, 0, 0, 1
0.00240941599011421, 1, -0.242451171875, 0, 1, 0
-0.634191703796387, -1, 0.179914245605469, 0, -1, 0
-0.02160813331604, 0.16030294418335, -1, 0, 0, -1
0.159654769897461, 1, -0.234906330108643, 0, 1, 0
-0.247659454345703, -0.216144104003906, 1, 0, 0, 1
-1, -0.0567243146896362, 0.702480087280273, -1, 0, 0
0.232779102325439, 1, -0.952611770629883, 0, 1, 0
-0.0241516923904419, -0.0388539361953735, 1, 0, 0, 1
0.458673286437988, 1, 0.273195037841797, 0, 1, 0
1, 0.156030073165894, -0.123145513534546, 1, 0, 0
0.947123413085938, -1, -0.844291152954102, 0, -1, 0
0.856259765625, 0.2862868309021, 1, 0, 0, 1
-0.729797973632813, 1, -0.253016605377197, 0, 1, 0
1, 0.868475799560547, -0.440297966003418, 1, 0, 0
-0.64974250793457, 1, -0.857412796020508, 0, 1, 0
0.485416564941406, 1, 0.908909225463867, 0, 1, 0
-0.982157974243164, -0.993332901000977, -0.298150100708008, -0.765839636325836, -0.643031537532806, 0
1, -0.163286380767822, -0.131608018875122, 1, 0, 0
0.936114044189453, -1, -0.191799221038818, 0, -1, 0
1, 0.338164100646973, 0.169542560577393, 1, 0, 0
0.400479965209961, -0.603606872558594, -1, 0, 0, -1
0.161300144195557, -0.0444379329681397, 1, 0, 0, 1
-0.433393478393555, -1, 0.888674545288086, 0, -1, 0
1, -0.243979396820068, 0.77594856262207, 1, 0, 0
-0.558170394897461, 0.765563354492187, 1, 0, 0, 1
0.950032577514648, -0.449876670837402, -1, 0, 0, -1
-0.732753067016602, -1, 0.0520562887191772, 0, -1, 0
0.348169059753418, -1, 0.804579162597656, 0, -1, 0
-0.864068222045899, -0.346956672668457, 1, 0, 0, 1
0.677475738525391, 1, -0.662147674560547, 0, 1, 0
0.757290878295898, 1, 0.444289665222168, 0, 1, 0
0.576333694458008, 0.662165603637695, -1, 0, 0, -1
1, 0.451203155517578, -0.137070569992065, 1, 0, 0
1, 0.760068740844727, -0.523916244506836, 1, 0, 0
-0.803270721435547, 1, 0.210052680969238, 0, 1, 0
0.65895263671875, -1, 0.178342189788818, 0, -1, 0
0.941669464111328, -1, 0.535273132324219, 0, -1, 0
0.756178970336914, 0.501057586669922, 1, 0, 0, 1
1, -0.0537669372558594, 0.44444278717041, 1, 0, 0
-0.614157943725586, 0.27556360244751, -1, 0, 0, -1
0.0407826948165894, -0.871498947143555, -1, 0, 0, -1
1, -0.390537910461426, 0.693730163574219, 1, 0, 0
-1, -0.33974235534668, -0.543727149963379, -1, 0, 0
-0.347447242736816, 0.599870300292969, 1, 0, 0, 1
-0.558145904541016, -0.851541976928711, 1, 0, 0, 1
1, 0.579593276977539, -0.124026222229004, 1, 0, 0
-1, -0.432882347106934, 0.185090141296387, -1, 0, 0
-0.0430747509002686, -0.125974788665771, -1, 0, 0, -1
0.664790420532227, -1, -0.678218841552734, 0, -1, 0
0.644742126464844, -1, 0.0606814336776733, 0, -1, 0