-3.00156372461217, 0.443680481007909, -0.185000488987272, -0.99996539198508, -0.00347635635535508, -0.00755842434740152
2.99843627538783, 0.464539341023778, -0.139648373356169, 0.99996539198508, 0.00347635635535508, 0.00755842434740152
1.07660252759401, -0.472188016364493, -0.977567481160078, -0.00909579304637857, -0.320423609849361, -0.947230688269738
1.11497594067995, 0.879617975761972, 3.0186178215743, 0.00909579304637857, 0.320423609849361, 0.947230688269738
-0.661399881288276, -1.12448160163797, -0.999524076020434, 0.0128471394685959, 0.00497252466335845, -0.999905108000728
-0.712634393617377, -1.14431207649148, 2.98810684438972, -0.0128471394685959, -0.00497252466335845, 0.999905108000728
2.94151141426783, 0.523167400595746, -0.996897193888042, 0.0133723393077931, 0.0085449138327351, -0.999874074565907
2.91476336739283, 0.506075420615277, 1.00310280611196, -0.0133723393077931, -0.0085449138327351, 0.999874074565907
3.01731160852009, -1.00369343826906, 0.185851966022897, -0.0217342551142396, -0.999569220251938, 0.0197229835359991
3.06079885217243, 0.996306561730935, 0.146388999103951, 0.0217342551142396, 0.999569220251938, -0.0197229835359991
2.83727888120596, -1.00352534608927, 0.423551597527034, -0.0183447779647596, -0.999828158092634, 0.00266897105914792
2.87397474302236, 0.996474653910727, 0.418212737968928, 0.0183447779647596, 0.999828158092634, -0.00266897105914792
-0.565018164459525, -1.004861064314, 0.227298054342884, -0.0252995719864673, -0.999679089878975, 0.0012841012601365
-0.514402777496635, 0.995138935686002, 0.224729027395863, 0.0252995719864673, 0.999679089878975, -0.0012841012601365
-0.820390319824219, -1, 2.06287353515625, -0.0204035674528401, -0.999594976930221, 0.0198387633452393
-0.779566650390625, 1, 2.02317993164062, 0.0204035674528401, 0.999594976930221, -0.0198387633452393
1.44227885626815, 1.13421266574969, -0.930865359178192, -0.0266199114881634, 0.323262663344541, -0.945934792044228
1.49840281867049, 0.45266338367572, 1.06349171174466, 0.0266199114881634, -0.323262663344541, 0.945934792044228
-3, -0.229548072814941, -0.788517684936523, -0.999976856675465, -0.00131989285346328, 0.00667412888043486
3, -0.221628532409668, -0.828563385009766, 0.999976856675465, 0.00131989285346328, -0.00667412888043486
-2.73532944563414, -1.00032691777652, -0.416891268518461, 0.00289808881361243, -0.999995516710917, 0.000753418405639609
-2.74112564924742, 0.999673082223478, -0.418398112085355, -0.00289808881361243, 0.999995516710917, -0.000753418405639609
-3, 0.850528411865234, 0.873339080810547, -0.999960667469839, -0.00822026026146671, 0.00333029045385187
3, 0.899851913452148, 0.853356552124024, 0.999960667469839, 0.00822026026146671, -0.00333029045385187
2.88731185205548, 0.059111145309508, -0.998845505013414, 0.0178568712034714, 0.00305501383663529, -0.999835886053947
2.85159224756329, 0.0530001147308947, 1.00115449498659, -0.0178568712034714, -0.00305501383663529, 0.999835886053947
0.783452426001438, 0.513589351702661, -0.997514701795743, -0.00079575763676683, 0.0127072333061875, -0.999918943210641
0.786635714575657, 0.462756298113794, 3.00248529820426, 0.00079575763676683, -0.0127072333061875, 0.999918943210641
2.58899536132812, -1, 0.675424423217773, 0.027293465011653, -0.999619714596742, -0.00393610939712924
2.53438766479492, 1, 0.68329963684082, -0.027293465011653, 0.999619714596742, 0.00393610939712924
-0.933882472751911, -1.1123095040789, 2.96546257347962, -0.904726390339266, -0.425929816792641, -0.00734505212165146
1.06143285012407, -0.17294894270805, 2.98166160912415, 0.904726390339266, 0.425929816792641, 0.00734505212165146
0.398642598516831, 0.0260258274190157, -1.00106296933548, -0.00406892128738386, -0.0118869664519969, -0.999921068838999
0.414919568426499, 0.0735774465315073, 2.99893703066452, 0.00406892128738386, 0.0118869664519969, 0.999921068838999
-0.914056045325633, 0.280380903342601, 3.14340631632828, -0.92604588373543, -0.01206171189398, 0.377218154816087
1.07547482320464, 0.306294466117259, 2.33298517375015, 0.92604588373543, 0.01206171189398, -0.377218154816087
0.30482903741059, -0.997538102991303, 2.74973595825705, 0.0180844606592024, -0.999822391303724, -0.00530453865747535
0.268653691036079, 1.0024618970087, 2.76034692017111, -0.0180844606592024, 0.999822391303724, 0.00530453865747535
-0.493510663540316, 0.63095211519355, -1.00212432843634, 0.00300909824441194, -0.0134987603511232, -0.999904359824848
-0.505548207790804, 0.684952321187202, 2.99787567156366, -0.00300909824441194, 0.0134987603511232, 0.999904359824848
-1, -0.0755547094345093, 2.2690234375, -0.999852046112132, 0.0159239069797877, 0.0065050036035318
1, -0.107407236099243, 2.25601150512695, 0.999852046112132, -0.0159239069797877, -0.0065050036035318
1.11836528227586, -1.12568686507583, -0.996923120586192, 0.0188520987308408, -0.0205757085092395, -0.999610543458194
1.08064639494676, -1.08451941512466, 1.00307687941381, -0.0188520987308408, 0.0205757085092395, 0.999610543458194
-1.45474029541016, 1, -0.130835876464844, -0.0221427071929268, 0.879225455179708, -0.475891058418
-1.40449249267578, -0.995200805664063, 0.949089889526367, 0.0221427071929268, -0.879225455179708, 0.475891058418
2.5124639663668, -0.586763202148856, -1.04280307105847, -0.000575073614780862, 0.254264332542535, -0.967134591712569
2.51365262603477, -1.11231984277386, 0.956234709703248, 0.000575073614780862, -0.254264332542535, 0.967134591712569
-2.99972371043233, 0.925184434014782, 0.586158548330953, -0.999981418180855, 0.0036913249415354, -0.00485153719779154
3.00027628956767, 0.903036072808727, 0.615268312430074, 0.999981418180855, -0.0036913249415354, 0.00485153719779154
1.72135270971486, -0.998300084909462, -0.0240552027457921, 0.016761287423804, -0.999784048135233, 0.0122848011063673
1.68782289404103, 1.00169991509054, -0.0486301119559972, -0.016761287423804, 0.999784048135233, -0.0122848011063673
-1.88776840667457, 0.172055411258411, -1.00206025862474, 0.0129134227067058, -0.00976450305278676, -0.999868940408757
-1.91359863738746, 0.191586977163029, 0.99793974137526, -0.0129134227067058, 0.00976450305278676, 0.999868940408757
-1.00153619284585, 0.27398453558161, 1.49064207217521, -0.999878156318738, -0.0149216779126179, -0.00458432600433155
0.998463807154146, 0.303831528074285, 1.49981184146232, 0.999878156318738, 0.0149216779126179, 0.00458432600433155
1.87165050692633, -1.00001730147934, 0.478437660722258, 0.0252910908330092, -0.999597097257533, 0.0128842492521382
1.82104793734625, 0.999982698520659, 0.452658775834563, -0.0252910908330092, 0.999597097257533, -0.0128842492521382
-0.997211389335099, 0.987435844818454, 0.876740506092466, -0.999674898699036, 0.0254284370365794, -0.00186855584569374
1.0027886106649, 0.936562431732517, 0.880478833118833, 0.999674898699036, -0.0254284370365794, 0.00186855584569374
-1.8570762878939, -0.999358484222858, -1.12695529155167, -0.00021916928412686, -0.999993991750097, -0.00345954166486259
-1.85663881841148, 0.996664159820111, -1.12004992656144, 0.00021916928412686, 0.999993991750097, 0.00345954166486259
-2.99921891873196, -0.27919422050748, -0.35395316426035, -0.999965514635137, -0.00552914942692459, 0.00619661577802042
3.00078108126804, -0.246018179858066, -0.391134141128026, 0.999965514635137, 0.00552914942692459, -0.00619661577802042
-2.09428911207183, -0.92319757777088, -1.00244106642287, 0.0205057877043035, -0.453371720049059, -0.891085627832917
-2.14028200147613, 0.0936799828446591, 0.996194797834944, -0.0205057877043035, 0.453371720049059, 0.891085627832917
1.77050264367002, -1.07993089788138, -1.00149901264456, 0.0153779522819239, 0.00162677384546559, -0.999880428946617
1.73974306115049, -1.08318483464896, 0.998500987355438, -0.0153779522819239, -0.00162677384546559, 0.999880428946617
1.69056684867736, -1.00218421770054, -1.00274384128097, -0.0253372478023845, -0.00422998034072409, -0.99967001112373
1.74125807182189, -0.993721464404639, 0.997256158719034, 0.0253372478023845, 0.00422998034072409, 0.99967001112373
-3.00075397965244, 0.997291336286876, 1.00920694135855, -0.999960667469839, -0.00822026026146671, 0.00333029045385187
2.99924602034756, 1.04661483787379, 0.989224412672025, 0.999960667469839, 0.00822026026146671, -0.00333029045385187
-1.15056532702652, -0.964842222643865, 2.35018384725813, -0.0151830497785203, -0.974301999351717, -0.224733373264121
-1.11957533679214, 1.02379707484149, 2.80888517172102, 0.0151830497785203, 0.974301999351717, 0.224733373264121
-1.00073441241739, 0.808317243516681, 1.81907491755825, -0.999849885335346, 0.00542338008482374, -0.0164558118411493
0.999265587582606, 0.797468854844806, 1.85199148249965, 0.999849885335346, -0.00542338008482374, 0.0164558118411493
2.90107757568359, -1, -0.466327590942383, 0.019668921693318, -0.999683931732074, 0.0156579103370553
2.86172729492188, 1, -0.497653312683105, -0.019668921693318, 0.999683931732074, -0.0156579103370553
-0.997879224628499, -0.433221056010124, 2.31577617367823, -0.999916718683821, 0.00776640103210963, 0.0103072164811227
1.0021207753715, -0.448755151774284, 2.29516002377588, 0.999916718683821, -0.00776640103210963, -0.0103072164811227
1.68020236080506, -0.995732107695195, -0.155336213190221, -0.0205038996448745, -0.999686472364996, -0.0143717455370645
1.72122302120545, 1.0042678923048, -0.126583707410955, 0.0205038996448745, 0.999686472364996, 0.0143717455370645
-0.198157034509964, 0.0604419472641983, -1.00007631105506, 0.00563623753444829, 0.0113796141227142, -0.999919365353464
-0.22070380269844, 0.0149198201127091, 2.99992368894494, -0.00563623753444829, -0.0113796141227142, 0.999919365353464
-2.12269645846946, -1.03067908971724, -0.948409712503257, 0.0205057877043035, -0.453371720049059, -0.891085627832917
-2.16868934787375, -0.0138015291016957, 1.05022615175456, -0.0205057877043035, 0.453371720049059, 0.891085627832917
1.99356824831285, -0.36808334823088, -1.00093669401637, -0.0109295557260486, 0.00282092241435917, -0.9999362915748
2.01542875246324, -0.373725552515548, 0.999063305983626, 0.0109295557260486, -0.00282092241435917, 0.9999362915748
0.756253814697266, 0.926278076171875, -1, 0.00320213455094443, -0.000895628746515161, -0.999994472076454
0.743445205688477, 0.929860610961914, 3, -0.00320213455094443, 0.000895628746515161, 0.999994472076454
-2.99871221132978, -0.427793666659938, 1.0353567757829, -0.999978873586739, -0.00164642034529616, 0.00628821757288731
3.00128778867022, -0.417914935886012, 0.99762667324384, 0.999978873586739, 0.00164642034529616, -0.00628821757288731
-3.00041415198447, -0.0385667192304868, -1.07668780031673, -0.999997853522303, 0.000686341242997708, 0.00195496457404819
2.99958584801553, -0.042684775527789, -1.0884176129388, 0.999997853522303, -0.000686341242997708, -0.00195496457404819
0.939432825185677, -1.15663458544023, -0.998347643076079, -0.00172981317167348, -0.00919658445587151, -0.999956214331776
0.946352380849739, -1.11984663683183, 3.00165235692392, 0.00172981317167348, 0.00919658445587151, 0.999956214331776
1.36647016483856, 1.02869535190536, 0.542904436373091, -0.0154070982157804, 0.968461189119942, -0.248687648452746
1.39821966129853, -0.967018225365148, 1.05537651278911, 0.0154070982157804, -0.968461189119942, 0.248687648452746
0.515085305363713, -0.994762794049495, 1.80417378307725, -0.0168279138126824, -0.999628739911697, 0.0214290377587623
0.548753632695256, 1.00523720595051, 1.76129979015733, 0.0168279138126824, 0.999628739911697, -0.0214290377587623
2.01741607666016, 0.663590087890625, -1, 0.0190013828201467, -0.138829529431119, -0.990133985483205
1.97906753540039, 0.943775482177734, 0.998285827636719, -0.0190013828201467, 0.138829529431119, 0.990133985483205
1.62257815243584, -0.99422762790511, 0.334099378971244, -0.0235008325471047, -0.999559044026307, 0.0181501618397241
1.66960055233818, 1.00577237209489, 0.297783041385795, 0.0235008325471047, 0.999559044026307, -0.0181501618397241
-3.00103213355009, 0.498998603106413, 1.02059900830648, -0.999979053886547, 0.00367760266457633, -0.0053260704847126
2.99896786644991, 0.476932524920378, 1.05255610059164, 0.999979053886547, -0.00367760266457633, 0.0053260704847126
-2.21906188964844, -1, 0.113362436294556, 0.0087141169132763, -0.999953364958853, -0.00416318074165806
-2.2364909362793, 1, 0.121689186096191, -0.0087141169132763, 0.999953364958853, 0.00416318074165806
-1.01460730449456, -0.184762672685391, 2.88436985907461, -0.895536749088244, 0.0134250641816891, 0.444785002764457
0.959603510935125, -0.21435822745443, 1.90384129462149, 0.895536749088244, -0.0134250641816891, -0.444785002764457
-0.308748836517334, -1, 2.08325759887695, -0.0212044826778625, -0.999737037908663, 0.00873069000581475
-0.266328716278076, 1, 2.06579162597656, 0.0212044826778625, 0.999737037908663, -0.00873069000581475
1.42181048383973, -0.996700845380407, -0.453550382369607, 0.0164157212919229, -0.999854281885502, -0.00468391819887799
1.38897425642274, 1.00329915461959, -0.444181180709451, -0.0164157212919229, 0.999854281885502, 0.00468391819887799
0.797516763725197, -0.99037378864065, -1.14442038340796, 0.00617417972287724, -0.999974867962755, -0.00348467324435667
0.785221612968361, 1.00095822735056, -1.13748106761207, -0.00617417972287724, 0.999974867962755, 0.00348467324435667
0.960906784774362, -1.00520905595759, 0.564002283409134, 0.00210946147204212, -0.999643277282274, -0.026624581811791
0.956686356307565, 0.99479094404241, 0.617270448997513, -0.00210946147204212, 0.999643277282274, 0.026624581811791
1.97903863508898, 0.023916544392144, -1.00049714735941, 0.00630836828971921, -0.00894705560207587, -0.999940075547317
1.9664211424132, 0.0418117279553765, 0.999502852640593, -0.00630836828971921, 0.00894705560207587, 0.999940075547317
-2.95304901123047, -0.655482330322266, -0.992268218994141, -0.293871959944139, 0.000856169383701575, -0.95584441104846
-2.34053115844727, -0.657266845703125, 1, 0.293871959944139, -0.000856169383701575, 0.95584441104846
-2.36143262246978, 1.04715247379169, 0.0996406256952029, 0.00685611525847278, 0.902458810320695, -0.430721591469615
-2.37652585367095, -0.939543922082334, 1.04784238694093, -0.00685611525847278, -0.902458810320695, 0.430721591469615
-3, 0.272613201141357, -0.688717880249023, -0.999960728640304, 0.00138569476085711, 0.00875334377147803
3, 0.264298706054688, -0.741240005493164, 0.999960728640304, -0.00138569476085711, -0.00875334377147803
-3.00101114058078, -0.480379026181294, 0.188046523994453, -0.999986720681213, -0.00502163894261152, 0.00115827611749793
2.99898885941922, -0.450248792416645, 0.181096775001533, 0.999986720681213, 0.00502163894261152, -0.00115827611749793
-0.998495208676186, 0.897245685810986, 2.57279692948669, -0.999878060520615, 0.0114582965195823, 0.0106099731574592
1.00150479132381, 0.874326297993603, 2.55157439530701, 0.999878060520615, -0.0114582965195823, -0.0106099731574592
-0.996107087864045, 0.829298784737559, 2.02426560549792, -0.99973576723088, 0.0214523836679475, -0.0082577814361001
1.00389291213596, 0.786382677559825, 2.04078553347644, 0.99973576723088, -0.0214523836679475, 0.0082577814361001
0.940216895120461, -1.00048389567205, 2.93715291288735, 0.0288281643617717, -0.99957281378827, -0.00480904095744998
0.88253592588218, 0.999516104327948, 2.94677510527016, -0.0288281643617717, 0.99957281378827, 0.00480904095744998
-0.422738849450673, 1.17347682400101, -0.998260593441281, 0.00120826285302071, 0.00920212210695846, -0.999956929597274
-0.427572109033193, 1.13666675014847, 3.00173940655872, -0.00120826285302071, -0.00920212210695846, 0.999956929597274
0.354767913818359, -0.603724517822266, -1, -0.000634893847129054, -0.00403336977570571, -0.999991664384286
0.357307510375977, -0.58759090423584, 3, 0.000634893847129054, 0.00403336977570571, 0.999991664384286
1.04287897902849, -0.850022033210111, -1.00134650513455, -0.00172981317167348, -0.00919658445587151, -0.999956214331776
1.04979853469256, -0.813234084601712, 2.99865349486545, 0.00172981317167348, 0.00919658445587151, 0.999956214331776
1.87324732042414, 0.705118995095263, -1.0026483636714, 0.0137385296156285, -0.00386877701911793, -0.999898137496204
1.8457674620257, 0.712857337380419, 0.9973516363286, -0.0137385296156285, 0.00386877701911793, 0.999898137496204
-0.534967466129432, -0.998999412888678, -0.638892511810513, 0.00391153143676733, -0.999984880982966, -0.0038649356141614
-0.542790647281776, 1.00100058711132, -0.631162523712369, -0.00391153143676733, 0.999984880982966, 0.0038649356141614
-3, 0.311778011322021, -0.570761833190918, -0.999955468209205, 0.00943086268733271, 0.000347026629334764
3, 0.255190315246582, -0.572844085693359, 0.999955468209205, -0.00943086268733271, -0.000347026629334764
0.497232692268274, -0.637015223047558, -0.990458515425309, -0.227718505948524, 0.0217522817004079, -0.973484011316775
0.966051509406945, -0.681798052332226, 1.01371598408641, 0.227718505948524, -0.0217522817004079, 0.973484011316775
-0.49004162878428, -1.00165905395594, 0.0990609205765403, -0.00424001439064445, -0.999963413136878, -0.00742931124752342
-0.481561289733987, 0.998340946044065, 0.113920086721865, 0.00424001439064445, 0.999963413136878, 0.00742931124752342
2.70898710608742, -0.461997320302891, -1.00172137851, -0.0111878766691647, 0.00746295187946909, -0.999909563793086
2.73136488318703, -0.476924574026035, 0.998278621490005, 0.0111878766691647, -0.00746295187946909, 0.999909563793086
0.879767227172852, -0.965749053955078, -1, -0.00172981317167348, -0.00919658445587151, -0.999956214331776
0.886686782836914, -0.92896110534668, 3, 0.00172981317167348, 0.00919658445587151, 0.999956214331776
-2.25144454956055, 0.33405029296875, -1, -0.0093409543593562, 0.00981733769159757, -0.999908179010606
-2.23276092529297, 0.314413814544678, 1, 0.0093409543593562, -0.00981733769159757, 0.999908179010606
-1, -0.270079898834229, 2.2531787109375, -0.999922377359982, -0.0124344995853966, 0.000788970735676341
1, -0.245208969116211, 2.25160064697266, 0.999922377359982, 0.0124344995853966, -0.000788970735676341
1.02911968932452, 0.202424764481166, -1.0023939273564, 0.00561299321692085, -0.0107053606149835, -0.999926942111898
1.0178928826839, 0.223837050047496, 0.997606072643597, -0.00561299321692085, 0.0107053606149835, 0.999926942111898
-1.03915134573731, -0.94536978928057, 0.21706524008307, 0.0122822426750064, -0.949658340985876, -0.313046613000085
-1.06489986563477, 1.04549599441084, 0.873336831269594, -0.0122822426750064, 0.949658340985876, 0.313046613000085
-0.530864143371582, -1, 1.27184158325195, -0.00919388207256957, -0.999602262069976, 0.0266606488484851
-0.512469062805176, 1, 1.21849906921387, 0.00919388207256957, 0.999602262069976, -0.0266606488484851
-1.82966033935547, -0.455590744018555, -1, -0.0180403902347512, -0.00357199329986653, -0.999830878290946
-1.79357345581055, -0.44844554901123, 1, 0.0180403902347512, 0.00357199329986653, 0.999830878290946
-1.06414168541446, -0.458928209226049, 2.26808373875857, -0.947132484995023, 0.320469892795985, -0.0154629776719176
0.926414573740814, -1.1324489268469, 2.300581755116, 0.947132484995023, -0.320469892795985, 0.0154629776719176
2.99534698486328, -0.953812255859375, 0.217914924621582, 0.978785030145183, -0.00689241395120175, -0.204773922640601
-1.00419342041016, -0.92564826965332, 1.05466819763184, -0.978785030145183, 0.00689241395120175, 0.204773922640601
-0.734217529296875, -0.741818695068359, -1, -0.0037436727924344, -0.00371225919704651, -0.99998610192626
-0.719242630004883, -0.726969451904297, 3, 0.0037436727924344, 0.00371225919704651, 0.99998610192626
2.77830841171647, -1.04709374196624, -0.13407905244368, 0.335474648824442, -0.942043335453624, -0.00333378516512507
2.07244766342546, 0.935027458595288, -0.127064548964677, -0.335474648824442, 0.942043335453624, 0.00333378516512507
1.28109527587891, -1, -0.763694381713867, -0.0125777743793133, -0.999729565956772, -0.0195600241192729
1.30625762939453, 1, -0.724563751220703, 0.0125777743793133, 0.999729565956772, 0.0195600241192729
2.77390929470023, 1.12906503474321, -1.00377426653569, -0.0072728988132059, -0.0179731356412512, -0.999812018000421
2.78836028346976, 1.16477700984087, 0.982816309636187, 0.0072728988132059, 0.0179731356412512, 0.999812018000421
-1.00389291200489, 0.589725424281742, 2.34449050443983, -0.99973576723088, 0.0214523836679475, -0.0082577814361001
0.996107087995105, 0.546809317104008, 2.36101043241834, 0.99973576723088, -0.0214523836679475, 0.0082577814361001
2.75631045168192, -0.785445337465582, -1.00352927881005, -0.0056621086673107, 0.0167548482346948, -0.999843595561862
2.76763644045145, -0.818960275820075, 0.996470721189947, 0.0056621086673107, -0.0167548482346948, 0.999843595561862
-0.998616133670844, 0.192797118796909, 2.58128710076678, -0.999598887476655, 0.0275393675590882, -0.00660661712823602
1.00138386632916, 0.137696282043064, 2.59450563714374, 0.999598887476655, -0.0275393675590882, 0.00660661712823602
2.3176955350625, -0.936090917931799, 0.0455320394612582, 0.00855780813341777, -0.941793140781468, -0.33608398339839
2.29955375039453, 1.0604259582889, 0.757999900636795, -0.00855780813341777, 0.941793140781468, 0.33608398339839
1.03051711702133, -0.994885389640959, -0.21351882584188, 0.0296572017479197, -0.999552258696604, 0.00396642395624754
0.971176144120937, 1.00511461035904, -0.221455227209067, -0.0296572017479197, 0.999552258696604, -0.00396642395624754
-0.983190147918044, -0.000410410667738876, 3.08503731124046, -0.993113415730606, -0.011001462752853, 0.116639235736463
1.01666290994328, 0.0217434627758646, 2.85015846602562, 0.993113415730606, 0.011001462752853, -0.116639235736463
1.16975764324342, 0.853860275183575, -0.999018516927812, -0.000849590108056606, 0.0066807566974049, -0.999977322586167
1.17145686199342, 0.840498458777325, 1.00098148307219, 0.000849590108056606, -0.0066807566974049, 0.999977322586167
-2.99909344168193, 0.630448854387408, 0.00116962694826647, -0.999961550987729, -0.00631721366334889, 0.00608188767960323
3.00090655831807, 0.668353593767291, -0.0353231022387452, 0.999961550987729, 0.00631721366334889, -0.00608188767960323
0.855248794555664, -1, -0.0652327871322632, 0.0127339055587172, -0.999885259483113, -0.00820460344010914
0.829778060913086, 1, -0.0488216972351074, -0.0127339055587172, 0.999885259483113, 0.00820460344010914
-1.97811897626157, 1.00738525293963, -0.982054659347795, 0.0202574215119057, 0.241730031614124, -0.970132067653432
-2.01980736127134, 0.509921416269713, 1.01441064216588, -0.0202574215119057, -0.241730031614124, 0.970132067653432
-1.22036397127354, 1.12793235832181, -0.996617697681686, 0.00558696773255538, 0.0159812145412701, -0.999856683016792
-1.23153950838291, 1.09596534782376, 1.00338230231831, -0.00558696773255538, -0.0159812145412701, 0.999856683016792
-3, 0.596941909790039, 0.839038467407227, -0.999993659259591, 4.05499748150995e-05, -0.00356087016218892
3, 0.596698608398437, 0.860403823852539, 0.999993659259591, -4.05499748150995e-05, 0.00356087016218892
-0.733035282590736, -0.995968294732533, -0.235061751038368, 0.0183774598774223, -0.999796792813352, 0.00828504970349243
-0.769797672727454, 1.00403170526747, -0.251635218293007, -0.0183774598774223, 0.999796792813352, -0.00828504970349243
-2.89461495030836, 0.904017803235648, -1.00248737152318, 0.00415799906558487, -0.0145922835882191, -0.999884881525594
-2.90293190587477, 0.933205730481742, 0.997512628476825, -0.00415799906558487, 0.0145922835882191, 0.999884881525594
-2.03435808758437, 0.666226844302281, -1.00532833973902, -4.67495198604283e-05, -0.0282521724184584, -0.999600826614364
-2.03426455120742, 0.722753753176792, 0.994671660260975, 4.67495198604283e-05, 0.0282521724184584, 0.999600826614364
-1.89018571967176, -0.37246031825328, -0.999324451367928, -0.0059347906217864, -0.00191339587474929, -0.999980558399263
-1.87831590766004, -0.368633452103378, 1.00067554863207, 0.0059347906217864, 0.00191339587474929, 0.999980558399263
2.22025288050733, 0.860975205453604, -0.998483566195632, 0.0137385296156285, -0.00386877701911793, -0.999898137496204
2.19277302210889, 0.868713547738761, 1.00151643380437, -0.0137385296156285, 0.00386877701911793, 0.999898137496204
1.18650633986467, -0.997377363922157, 1.02056362113165, 0.0151156909433612, -0.999878294979894, 0.00386149134466055
1.15627127821916, 1.00262263607784, 1.01283969840216, -0.0151156909433612, 0.999878294979894, -0.00386149134466055
-1.04147034280011, -0.595524558164279, 2.44059187671326, -0.949138762760759, 0.0252238534550806, -0.313846086867196
0.9505136049538, -0.648462561704318, 3.09926939746521, 0.949138762760759, -0.0252238534550806, 0.313846086867196
2.43285226572862, -1.06390908094837, 0.406643441365656, 0.00855780813341777, -0.941793140781468, -0.33608398339839
2.41471048106066, 0.932607795272332, 1.11911130254119, -0.00855780813341777, 0.941793140781468, 0.33608398339839
2.68021050758142, -0.998483690326491, 0.649091186392224, -0.00163977839542883, -0.999948980392891, 0.00996733354666305
2.68349023170251, 1.00151630967351, 0.629155502188122, 0.00163977839542883, 0.999948980392891, -0.00996733354666305
1.52632692066317, -1.00067090301874, 0.902426576780399, -0.00437669031019084, -0.99998527435169, -0.00320868535431261
1.53508043018466, 0.99932909698126, 0.90884404199036, 0.00437669031019084, 0.99998527435169, 0.00320868535431261
-0.996803550382992, -0.933893479041641, 1.12096033883508, -0.999989181886277, 0.0038461921956729, 0.00261589678852812
0.999611854890446, -0.941572159461563, 1.11573786569055, 0.999989181886277, -0.0038461921956729, -0.00261589678852812
1.03902184504485, 0.315099556237328, -1.00024055020107, -0.00079575763676683, 0.0127072333061875, -0.999918943210641
1.04220513361906, 0.264266502648461, 2.99975944979893, 0.00079575763676683, -0.0127072333061875, 0.999918943210641
-2.59105992816212, 1.10210092450791, -0.99745993796567, -0.0115526494534308, 0.0181700343367458, -0.999768166197948
-2.56794927142384, 1.06575242902451, 1.00254006203433, 0.0115526494534308, -0.0181700343367458, 0.999768166197948
-2.16738209165218, -0.948955418797702, 0.662237920201614, 0.303392992096604, -0.952586076507936, 0.0230750772455209
-2.80393833554866, 1.0496886852062, 0.613823537267043, -0.303392992096604, 0.952586076507936, -0.0230750772455209
1.25011657714844, -1, -0.351030540466309, 0.0164157212919229, -0.999854281885502, -0.00468391819887799
1.21728034973145, 1, -0.341661338806152, -0.0164157212919229, 0.999854281885502, 0.00468391819887799
-0.476923428209564, -1.00462841107728, 2.83432623489075, -0.0245031646950474, -0.999675914150392, -0.00690373721291086
-0.427901211412689, 0.995371588922719, 2.84813818557435, 0.0245031646950474, 0.999675914150392, 0.00690373721291086
-0.996287139039254, 1.08395329789575, 1.81567136076477, -0.999731937198851, 0.00762002711898147, 0.0218629579732316
1.00371286096075, 1.06870915727075, 1.77193372038391, 0.999731937198851, -0.00762002711898147, -0.0218629579732316
-2.9697398277965, -0.825556055256248, -0.360058092370596, -0.94901178581579, -0.0113921275514785, -0.315034680333095
1.04551796944471, -0.777356096454978, 0.972849965795908, 0.94901178581579, 0.0113921275514785, 0.315034680333095
1.05068437210316, -0.994820107585474, 1.95296452950472, 0.026763845264082, -0.999639731639268, 0.00202571341797414
0.997137390291634, 1.00517989241453, 1.94891164254182, -0.026763845264082, 0.999639731639268, -0.00202571341797414
-0.620643272399902, 0.770451507568359, -1, 0.0101637316972731, -0.00253926646990401, -0.999945123836194
-0.661300430297852, 0.780609130859375, 3, -0.0101637316972731, 0.00253926646990401, 0.999945123836194
-1.00238464809193, -0.927007232437551, 1.12233522049182, -0.97911324990572, -0.20297732951038, -0.0117238033033128
0.994030757181509, -0.513135734329641, 1.1462400972008, 0.97911324990572, 0.20297732951038, 0.0117238033033128
-0.282664273724594, -0.343732977921779, -1.00032673728369, 0.00156259593193538, -0.00300698461108414, -0.999994258152267
-0.288914693341293, -0.331704970414454, 2.99967326271631, -0.00156259593193538, 0.00300698461108414, 0.999994258152267
0.830617065429687, -1, 1.05083473205566, 0.019525302183246, -0.999681804257529, -0.0159703729156341
0.79155403137207, 1, 1.08278564453125, -0.019525302183246, 0.999681804257529, 0.0159703729156341
-0.622379913330078, -1, 2.05270736694336, 0.00124949221815937, -0.999990499273909, 0.00417613830179254
-0.624878921508789, 1, 2.04435501098633, -0.00124949221815937, 0.999990499273909, -0.00417613830179254
-0.128601347219617, 0.273924376290354, -1.00097958580991, 0.00420178190256281, -0.0100707685737652, -0.999940460552116
-0.14540947557655, 0.314209849160227, 2.99902041419009, -0.00420178190256281, 0.0100707685737652, 0.999940460552116
-1.51885116577148, -1, -0.368051605224609, -0.0020223604026699, -0.999603373929967, 0.0280892307873998
-1.51480484008789, 1, -0.42425235748291, 0.0020223604026699, 0.999603373929967, -0.0280892307873998
-3.00044552120366, -0.728797680906375, 0.281227401600156, -0.999994650643605, -0.000776579199457256, 0.00317735879654151
2.99955447879634, -0.724138180784305, 0.262163146839414, 0.999994650643605, 0.000776579199457256, -0.00317735879654151
-2.99871955109233, -0.546663230129673, -0.448413900765509, -0.999956512823214, 0.00907700800003287, -0.00214018415215182
3.00128044890767, -0.601127646633579, -0.435572237404913, 0.999956512823214, -0.00907700800003287, 0.00214018415215182
-1.92408065795898, -1, 0.228610076904297, 0.000959851069399026, -0.999678977896457, 0.0253183695726791
-1.9260009765625, 1, 0.177957077026367, -0.000959851069399026, 0.999678977896457, -0.0253183695726791
-1.44420658281198, -0.469911413241689, -1.00366232832743, -0.020435215052611, -0.0100756041460765, -0.999740408399523
-1.40332554033151, -0.449754972506826, 0.996337671672572, 0.020435215052611, 0.0100756041460765, 0.999740408399523
-0.999961472401089, 0.0388236288960846, 2.09033143724377, -0.999571865991238, 0.0274109498051722, 0.010233501334943
1.00003852759891, -0.0160217518869965, 2.0698556682008, 0.999571865991238, -0.0274109498051722, -0.010233501334943
-1.00569616779429, -0.635402529301206, 2.32919800001139, -0.949138762760759, 0.0252238534550806, -0.313846086867196
0.986287779959614, -0.688340532841245, 2.98787552076334, 0.949138762760759, -0.0252238534550806, 0.313846086867196
-2.15855670926833, -1.00366229597453, -0.182989161239606, 0.00991489425715906, -0.999680779761498, -0.0232386197376954
-2.1783928298738, 0.99633770402547, -0.136497080551129, -0.00991489425715906, 0.999680779761498, 0.0232386197376954
-0.374630851745605, 0.154553508758545, -1, 0.00563623753444829, 0.0113796141227142, -0.999919365353464
-0.397177619934082, 0.109031381607056, 3, -0.00563623753444829, -0.0113796141227142, 0.999919365353464
2.23890213012695, -1, -0.0137237226963043, 0.00356664858221681, -0.999781353254606, 0.0206039972403085
2.23176727294922, 1, -0.0549407291412354, -0.00356664858221681, 0.999781353254606, -0.0206039972403085
-0.999398049800837, -0.0127226226416782, 2.92770922447779, -0.999951880763036, 0.00165998875144379, -0.0096685363841549
1.00004111340717, -0.0160418288794711, 2.9470418050442, 0.999951880763036, -0.00165998875144379, 0.0096685363841549
0.363613929748535, -1, -0.305558090209961, -0.00263295194038112, -0.999996455393273, 0.00039593556250155
0.368879852294922, 1, -0.306349964141846, 0.00263295194038112, 0.999996455393273, -0.00039593556250155
-1.98902994974026, -0.618780618040473, -0.997044955286529, 0.0153957530070518, 0.0140284044351484, -0.999783063798517
-2.01982813699612, -0.646843514768989, 1.00295504471347, -0.0153957530070518, -0.0140284044351484, 0.999783063798517
-2.99963366143306, -0.149829886289624, 0.209487635207603, -0.999966092854084, 0.00362907819739875, -0.00739208587447321
3.00036633856694, -0.171605093809155, 0.253841654372642, 0.999966092854084, -0.00362907819739875, 0.00739208587447321
-1, -0.130955905914307, 2.14063522338867, -0.999610322704578, -0.0178890824884628, 0.0214285666849431
1, -0.0951637935638428, 2.09776138305664, 0.999610322704578, 0.0178890824884628, -0.0214285666849431
0.922736358642578, -0.992737274169922, 2.85216735839844, 0.268399614235747, -0.963304220682119, 0.00257400351947323
0.367512054443359, 1, 2.84684265136719, -0.268399614235747, 0.963304220682119, -0.00257400351947323
-2.96729538191055, -0.792402165952006, -1.09232574219058, -0.954667882283969, -0.130063943788773, -0.267754747972006
3.02308730851914, 0.0237275184962364, 0.587790911251807, 0.954667882283969, 0.130063943788773, 0.267754747972006
-2.08733363493075, 0.108393027827639, -0.994587570110964, 0.0272443606456164, 0.000797437890667372, -0.999628485441377
-2.14184260709872, 0.10679755930652, 1.00541242988904, -0.0272443606456164, -0.000797437890667372, 0.999628485441377
-2.40743875822655, -0.982959576780517, 0.958471578491437, -0.0186427241368752, -0.999825020034895, 0.00154212482593361
-2.37039484343163, 1.00373681909351, 0.955407308471906, 0.0186427241368752, 0.999825020034895, -0.00154212482593361
-2.61527210312375, 0.744485892092403, -1.04681104871013, 0.233941428597936, 0.0147904207471865, -0.972138185362389
-3.09653537827023, 0.714059103762324, 0.953067338741043, -0.233941428597936, -0.0147904207471865, 0.972138185362389
0.280915565490723, -1, 0.870616989135742, 0.00278872303996553, -0.999982234821662, -0.00526811777403168
0.275338020324707, 1, 0.881153411865234, -0.00278872303996553, 0.999982234821662, 0.00526811777403168
-3.00058294506697, -1.08323994662832, -0.506896871094066, -0.999976248363241, 0.000189852973484186, -0.00688960559295049
2.99941705493303, -1.08437909152578, -0.465558255676586, 0.999976248363241, -0.000189852973484186, 0.00688960559295049
-1, 0.308561000823975, 1.16332969665527, -0.999694569783719, -0.0189496414231118, -0.0158643699805895
1, 0.346471862792969, 1.19506813049316, 0.999694569783719, 0.0189496414231118, 0.0158643699805895
2.78191098104903, -1.00168884680003, -0.342743606138133, 0.0265837524750537, -0.999628653350347, -0.00598828066446324
2.72872372518965, 0.998311153199967, -0.330762595701121, -0.0265837524750537, 0.999628653350347, 0.00598828066446324
3.12793138916998, -1.00148790287723, 0.877617943223085, -0.00546071132141619, -0.999757451001037, 0.0213358805717611
3.13885546143561, 0.998512097122773, 0.834935829575624, 0.00546071132141619, 0.999757451001037, -0.0213358805717611
-1.06175303180386, -0.993400803570445, 1.56839001812959, 0.0011201454720964, -0.99984794702248, 0.0174019570466512
-1.06398951251675, 1.0028940572694, 1.5336452976706, -0.0011201454720964, 0.99984794702248, -0.0174019570466512
-1.83866333007812, -0.179211807250977, -1, -0.0059347906217864, -0.00191339587474929, -0.999980558399263
-1.82679351806641, -0.175384941101074, 1, 0.0059347906217864, 0.00191339587474929, 0.999980558399263
2.02764776596203, 0.465813979413953, -0.972072890413552, 0.0190013828201467, -0.138829529431119, -0.990133985483205
1.98929922470226, 0.745999373701062, 1.02621293722317, -0.0190013828201467, 0.138829529431119, 0.990133985483205
1.47129915873389, -0.248332371029128, -0.999218079934128, 0.0129124523992803, 0.011802869571129, -0.999846968712174
1.44547030131202, -0.271941723140944, 1.00078192006587, -0.0129124523992803, -0.011802869571129, 0.999846968712174
0.0107915258407593, -1, 1.6694287109375, 0.00947877203633599, -0.999953883461995, -0.0015439656595996
-0.00816689252853394, 1, 1.67251678466797, -0.00947877203633599, 0.999953883461995, 0.0015439656595996
-1.00490173391602, 0.431307358350412, 1.8601789347497, -0.999601328831256, -0.0253207404818525, -0.0124917372786387
0.995098266083984, 0.48196903666462, 1.88517237347041, 0.999601328831256, 0.0253207404818525, 0.0124917372786387
-2.14249555943571, 0.21899953446167, -0.996002745414968, 0.0272443606456164, 0.000797437890667372, -0.999628485441377
-2.19700453160368, 0.217404065940552, 1.00399725458503, -0.0272443606456164, -0.000797437890667372, 0.999628485441377
1.95760365686239, -1.01395134868408, 0.00300256956980597, -0.00620872837155488, -0.894314603339624, 0.447395621285567
1.97147145471395, 0.983587179758298, -0.996299004660388, 0.00620872837155488, 0.894314603339624, -0.447395621285567
1.36268598765517, 0.240042348209331, -0.997560617336087, 0.020281107446236, -0.0107185380364959, -0.999736860190277
1.32211309641982, 0.26148506671519, 1.00243938266391, -0.020281107446236, 0.0107185380364959, 0.999736860190277
-0.996680726701429, 0.1535483235238, 2.8561740433059, -0.999862089830934, 0.0135540512207821, 0.00959630212223449
1.00331927329857, 0.1264364820836, 2.83697879184106, 0.999862089830934, -0.0135540512207821, -0.00959630212223449
-0.989530868530273, 0.283506908416748, 2.95822052001953, -0.92604588373543, -0.01206171189398, 0.377218154816087
1, 0.309420471191406, 2.14779937744141, 0.92604588373543, 0.01206171189398, -0.377218154816087
-2.34065524987593, 0.226838649370977, -0.99657394486626, 0.0125163080695072, 0.0149722335379573, -0.999809568995613
-2.36569263390914, 0.196888478854009, 1.00342605513374, -0.0125163080695072, -0.0149722335379573, 0.999809568995613
2.43855988182719, 0.878587781150936, -1.00369033642087, 0.00972341968039922, -0.0173405891574203, -0.999802360007913
2.41910919823344, 0.913275815208553, 0.996309663579132, -0.00972341968039922, 0.0173405891574203, 0.999802360007913
-1.24180393173633, -1.00471451489039, 0.24041028034998, -0.0251213434385093, -0.999576432765337, 0.0146926227736583
-1.19153995468555, 0.995285485109608, 0.21101258290125, 0.0251213434385093, 0.999576432765337, -0.0146926227736583
1.08366760253906, -1, -0.710676345825195, -0.000183990097771109, -0.999624874406415, -0.0273875266426679
1.0840357208252, 1, -0.655880737304688, 0.000183990097771109, 0.999624874406415, 0.0273875266426679
0.537859858509402, -0.996863273701746, 2.35845080192962, -0.0155866118425788, -0.999615114057452, 0.0229495376680121
0.569045084949832, 1.00313672629825, 2.31253405388274, 0.0155866118425788, 0.999615114057452, -0.0229495376680121
-2.96651653963826, 0.219078492053627, -0.98940747882655, -0.258625110850756, -0.00589506719450963, -0.96595978188546
-2.43204251009724, 0.231261223682045, 1.00684267376134, 0.258625110850756, 0.00589506719450963, 0.96595978188546
-1.87045746984523, 1.00733787826837, -1.00008994000884, 0.00649888201435687, -0.0108932504331902, -0.999919547577486
-1.88345627965968, 1.02912613205255, 0.999910059991165, -0.00649888201435687, 0.0108932504331902, 0.999919547577486
-2.1379543304628, 0.632406203804693, -1.00194403119532, 0.00340734150377333, -0.0116559397653259, -0.999926261827373
-2.14476951600968, 0.655719802437505, 0.998055968804677, -0.00340734150377333, 0.0116559397653259, 0.999926261827373
-0.614421950579727, -0.58166897931524, -1.0010430071997, -0.0037436727924344, -0.00371225919704651, -0.99998610192626
-0.599447051287735, -0.566819736151177, 2.9989569928003, 0.0037436727924344, 0.00371225919704651, 0.99998610192626
0.136876335144043, -1, 2.64117340087891, 0.0180844606592024, -0.999822391303724, -0.00530453865747535
0.100700988769531, 1, 2.65178436279297, -0.0180844606592024, 0.999822391303724, 0.00530453865747535
1.32711674592435, -0.907094543732704, -1.0925075766982, -0.0205347436174655, -0.890261925216769, -0.454985745726058
1.37265522859037, 1.06717784091085, -0.0835171124876871, 0.0205347436174655, 0.890261925216769, 0.454985745726058
-1.05788383004029, -0.370963093421879, 2.5082778646512, -0.949138762760759, 0.0252238534550806, -0.313846086867196
0.934100117713612, -0.423901096961918, 3.16695538540315, 0.949138762760759, -0.0252238534550806, 0.313846086867196
2.09899176714936, -0.991238540909493, -1.12828464794703, -0.014424788152061, -0.99982051430862, -0.012282697359058
2.12776755450288, 1.0032879788659, -1.10378208447047, 0.014424788152061, 0.99982051430862, 0.012282697359058
2.065986328125, -1, 0.806952362060547, -0.012543282449576, -0.999825535302993, -0.0138407016250827
2.09107727050781, 1, 0.834638595581055, 0.012543282449576, 0.999825535302993, 0.0138407016250827
-0.0774155982991357, -1.05926741873707, -0.77077725736363, -0.0142392516263196, -0.949719383241505, -0.312778414869854
-0.0474616893788476, 0.938576895838124, -0.112811768929792, 0.0142392516263196, 0.949719383241505, 0.312778414869854
-2.48989223601025, 1.11557353804113, -0.999090127144828, -0.0231906788161737, -0.00154766224912261, -0.999729862091559
-2.44349834562939, 1.1186696989298, 1.00090987285517, 0.0231906788161737, 0.00154766224912261, 0.999729862091559
-2.15954833984375, -1, 0.305529937744141, 0.0120209086568703, -0.999901342509837, -0.00726656742127201
-2.18359252929688, 1, 0.320064506530762, -0.0120209086568703, 0.999901342509837, 0.00726656742127201
1.14892833912597, 1.04761509889372, 0.630060871667907, -0.0154070982157804, 0.968461189119942, -0.248687648452746
1.18067783558593, -0.948098478376786, 1.14253294808392, 0.0154070982157804, -0.968461189119942, 0.248687648452746
-1.93566995492555, -1.06123713800156, -0.479128194770198, -0.0120414296817621, -0.951962694112961, 0.305977177234531
-1.91042215219117, 0.934785506041406, -1.12068419071136, 0.0120414296817621, 0.951962694112961, -0.305977177234531
-2.75390350341797, -1, -0.773330688476562, 0.00478911513641633, -0.999807115125448, -0.0190472286892155
-2.76348358154297, 1, -0.735228881835937, -0.00478911513641633, 0.999807115125448, 0.0190472286892155
0.730961348980767, -0.994304532134628, 0.994691850122545, -0.00559045684629357, -0.999593970066695, 0.0279399677621864
0.742146804303033, 1.00569546786537, 0.938789216455552, 0.00559045684629357, 0.999593970066695, -0.0279399677621864
1.11832101464276, -0.994609397831851, 2.78378064778256, 0.0288281643617717, -0.99957281378827, -0.00480904095744998
1.06064004540448, 1.00539060216815, 2.79340284016537, -0.0288281643617717, 0.99957281378827, 0.00480904095744998
0.374382591247559, 0.564790344238281, -1, -0.310390505493161, 0.0113957634693615, -0.950540830619416
1.02830406188965, 0.540782089233398, 1.00257110595703, 0.310390505493161, -0.0113957634693615, 0.950540830619416
-1.12370597839355, 0.0743014764785767, -1, 0.00578912234817977, 0.00733967181459157, -0.999956306685493
-1.13528472900391, 0.0596214914321899, 1, -0.00578912234817977, -0.00733967181459157, 0.999956306685493
2.11492256280883, -0.842576869967009, -1.00444850318864, -0.0204118198943541, 0.00924538153471857, -0.999748908741029
2.15575645563109, -0.861072277071501, 0.995551496811362, 0.0204118198943541, -0.00924538153471857, 0.999748908741029
-0.234956689283924, -1.00517212983157, 2.7672220497239, -0.00283361052084792, -0.999635299295716, -0.0268558942018278
-0.22928740064867, 0.994827870168427, 2.82095343400124, 0.00283361052084792, 0.999635299295716, 0.0268558942018278
-2.9999211255063, -1.10198709181022, 0.355056570174862, -0.999994650643605, -0.000776579199457256, 0.00317735879654151
3.0000788744937, -1.09732759168815, 0.33599231541412, 0.999994650643605, 0.000776579199457256, -0.00317735879654151
-0.995105477287837, -1.17035288363577, 2.77058164947304, -0.9996681380531, -0.0248856519265195, -0.00665718331131766
1.00489452271216, -1.12056505709768, 2.78390043609413, 0.9996681380531, 0.0248856519265195, 0.00665718331131766
-1.01031722953312, -0.944217209218142, 2.63286061031902, -0.904726390339266, -0.425929816792641, -0.00734505212165146
0.984998093342861, -0.00485664784729222, 2.64905964596355, 0.904726390339266, 0.425929816792641, 0.00734505212165146
-3, 0.271983280181885, 0.380788154602051, -0.999955494496756, 0.00886555313992351, -0.00322660708356839
3, 0.218787593841553, 0.400148658752441, 0.999955494496756, -0.00886555313992351, 0.00322660708356839
1.19221397399902, -1, 0.622052955627441, -0.00579429931293787, -0.999789897114902, 0.0196618341577336
1.20380500793457, 1, 0.58272102355957, 0.00579429931293787, 0.999789897114902, -0.0196618341577336
2.12652033673422, 0.829860928045081, -1.02121952280381, 0.0190013828201467, -0.138829529431119, -0.990133985483205
2.08817179547446, 1.11004632233219, 0.977066304832913, -0.0190013828201467, 0.138829529431119, 0.990133985483205
2.96024291992188, -0.982121200561523, -0.185832347869873, 0.335474648824443, -0.942043335453624, -0.00333378516512507
2.25438217163086, 1, -0.178817844390869, -0.335474648824443, 0.942043335453624, 0.00333378516512507
-1.85594497680664, -1, 0.0379622721672058, 0.0116213262923599, -0.904121681743907, -0.427116997292048
-1.88140365600586, 0.980646896362305, 0.973641586303711, -0.0116213262923599, 0.904121681743907, 0.427116997292048
-1, 0.100058507919312, 2.40409332275391, -0.999598887476655, 0.0275393675590882, -0.00660661712823602
1, 0.0449576711654663, 2.41731185913086, 0.999598887476655, -0.0275393675590882, 0.00660661712823602
1.7160652700389, -0.884879626348977, -1.01952107103781, -0.00314261427641135, -0.25477938376537, -0.966994100076959
1.72255208644515, -0.35897764118052, 0.976496461310822, 0.00314261427641135, 0.25477938376537, 0.966994100076959
1.0465727191357, 0.0919480289685823, -1.00032968666027, 0.000210756730557189, -0.00708418756055831, -0.999974884618713
1.04572967104, 0.120285490916977, 2.99967031333973, -0.000210756730557189, 0.00708418756055831, 0.999974884618713
0.236677502496179, -0.16001359342956, -0.998636333664861, 0.00935751576500761, 0.00569126323984963, -0.999940021412006
0.199245194299158, -0.182780011886592, 3.00136366633514, -0.00935751576500761, -0.00569126323984963, 0.999940021412006